2024-04-30 10:29:56,380 - general_logger - INFO - Fetched all elements successfully
2024-04-30 10:29:56,380 - general_logger - INFO - Fetched all elements successfully
2024-04-30 10:31:05,061 - general_logger - INFO - Added element successfully
2024-04-30 10:31:05,061 - general_logger - INFO - Added element successfully
2024-04-30 10:31:05,061 - general_logger - INFO - Added element successfully
2024-04-30 10:31:06,405 - general_logger - INFO - Fetched all elements successfully
2024-04-30 10:31:06,405 - general_logger - INFO - Fetched all elements successfully
2024-04-30 10:31:06,405 - general_logger - INFO - Fetched all elements successfully
2024-04-30 10:31:06,405 - general_logger - INFO - Fetched all elements successfully
2024-04-30 10:45:51,840 - general_logger - INFO - Fetched all elements successfully
2024-04-30 10:45:51,840 - general_logger - INFO - Fetched all elements successfully
2024-04-30 10:46:27,283 - general_logger - INFO - Fetched all elements successfully
2024-04-30 10:46:27,283 - general_logger - INFO - Fetched all elements successfully
2024-04-30 10:46:27,283 - general_logger - INFO - Fetched all elements successfully
2024-04-30 10:46:32,197 - general_logger - INFO - Updated element successfully
2024-04-30 10:46:32,197 - general_logger - INFO - Updated element successfully
2024-04-30 10:46:32,197 - general_logger - INFO - Updated element successfully
2024-04-30 10:46:32,197 - general_logger - INFO - Updated element successfully
2024-04-30 10:46:41,579 - general_logger - INFO - Fetched all elements successfully
2024-04-30 10:46:41,579 - general_logger - INFO - Fetched all elements successfully
2024-04-30 10:46:41,579 - general_logger - INFO - Fetched all elements successfully
2024-04-30 10:46:41,579 - general_logger - INFO - Fetched all elements successfully
2024-04-30 10:46:41,579 - general_logger - INFO - Fetched all elements successfully
2024-04-30 10:57:21,277 - general_logger - INFO - Fetched all elements successfully
2024-04-30 10:57:21,277 - general_logger - INFO - Fetched all elements successfully
2024-04-30 10:57:21,968 - general_logger - INFO - Fetched all elements successfully
2024-04-30 10:57:21,968 - general_logger - INFO - Fetched all elements successfully
2024-04-30 10:57:21,968 - general_logger - INFO - Fetched all elements successfully
2024-04-30 10:57:24,581 - general_logger - INFO - Fetched all elements successfully
2024-04-30 10:57:24,581 - general_logger - INFO - Fetched all elements successfully
2024-04-30 10:57:32,069 - general_logger - INFO - Updated element successfully
2024-04-30 10:57:32,069 - general_logger - INFO - Updated element successfully
2024-04-30 10:57:32,069 - general_logger - INFO - Updated element successfully
2024-04-30 10:57:35,576 - general_logger - INFO - Fetched all elements successfully
2024-04-30 10:57:35,576 - general_logger - INFO - Fetched all elements successfully
2024-04-30 10:57:35,576 - general_logger - INFO - Fetched all elements successfully
2024-04-30 10:57:35,576 - general_logger - INFO - Fetched all elements successfully
2024-04-30 11:03:34,404 - general_logger - INFO - Fetched all elements successfully
2024-04-30 11:03:34,404 - general_logger - INFO - Fetched all elements successfully
2024-04-30 11:04:12,443 - general_logger - INFO - Fetched all elements successfully
2024-04-30 11:04:12,443 - general_logger - INFO - Fetched all elements successfully
2024-04-30 11:10:37,941 - general_logger - INFO - Fetched all elements successfully
2024-04-30 11:10:37,941 - general_logger - INFO - Fetched all elements successfully
2024-04-30 11:10:37,941 - general_logger - INFO - Fetched all elements successfully
2024-04-30 11:12:07,145 - general_logger - INFO - Fetched all elements successfully
2024-04-30 11:12:07,145 - general_logger - INFO - Fetched all elements successfully
2024-04-30 11:12:28,102 - general_logger - INFO - Fetched all elements successfully
2024-04-30 11:12:28,102 - general_logger - INFO - Fetched all elements successfully
2024-04-30 11:12:28,102 - general_logger - INFO - Fetched all elements successfully
2024-04-30 11:12:30,101 - general_logger - INFO - Fetched all elements successfully
2024-04-30 11:12:30,101 - general_logger - INFO - Fetched all elements successfully
2024-04-30 11:13:31,673 - general_logger - INFO - Filtered elements successfully
2024-04-30 11:13:31,673 - general_logger - INFO - Filtered elements successfully
2024-04-30 11:14:04,077 - general_logger - INFO - select operation successful
2024-04-30 11:14:04,077 - general_logger - INFO - select operation successful
2024-04-30 11:14:23,863 - general_logger - INFO - update operation successful
2024-04-30 11:14:23,863 - general_logger - INFO - update operation successful
2024-04-30 11:14:23,863 - general_logger - INFO - update operation successful
2024-04-30 11:14:26,739 - general_logger - INFO - select operation successful
2024-04-30 11:14:26,739 - general_logger - INFO - select operation successful
2024-04-30 11:14:26,739 - general_logger - INFO - select operation successful
2024-04-30 11:14:26,739 - general_logger - INFO - select operation successful
2024-04-30 11:16:18,273 - general_logger - INFO - filter operation successful
2024-04-30 11:16:18,273 - general_logger - INFO - filter operation successful
2024-04-30 11:16:19,330 - general_logger - INFO - filter operation successful
2024-04-30 11:16:19,330 - general_logger - INFO - filter operation successful
2024-04-30 11:16:19,330 - general_logger - INFO - filter operation successful
2024-04-30 11:16:20,407 - general_logger - INFO - filter operation successful
2024-04-30 11:16:20,407 - general_logger - INFO - filter operation successful
2024-04-30 11:16:20,407 - general_logger - INFO - filter operation successful
2024-04-30 11:16:20,407 - general_logger - INFO - filter operation successful
2024-04-30 11:16:20,576 - general_logger - INFO - filter operation successful
2024-04-30 11:16:20,576 - general_logger - INFO - filter operation successful
2024-04-30 11:16:20,576 - general_logger - INFO - filter operation successful
2024-04-30 11:16:20,576 - general_logger - INFO - filter operation successful
2024-04-30 11:16:20,576 - general_logger - INFO - filter operation successful
2024-04-30 11:16:20,715 - general_logger - INFO - filter operation successful
2024-04-30 11:16:20,715 - general_logger - INFO - filter operation successful
2024-04-30 11:16:20,715 - general_logger - INFO - filter operation successful
2024-04-30 11:16:20,715 - general_logger - INFO - filter operation successful
2024-04-30 11:16:20,715 - general_logger - INFO - filter operation successful
2024-04-30 11:16:20,715 - general_logger - INFO - filter operation successful
2024-04-30 11:16:29,558 - general_logger - INFO - filter operation successful
2024-04-30 11:16:29,558 - general_logger - INFO - filter operation successful
2024-04-30 11:16:29,558 - general_logger - INFO - filter operation successful
2024-04-30 11:16:29,558 - general_logger - INFO - filter operation successful
2024-04-30 11:16:29,558 - general_logger - INFO - filter operation successful
2024-04-30 11:16:29,558 - general_logger - INFO - filter operation successful
2024-04-30 11:16:29,558 - general_logger - INFO - filter operation successful
2024-04-30 11:17:00,483 - general_logger - INFO - list operation successful
2024-04-30 11:17:00,483 - general_logger - INFO - list operation successful
2024-04-30 11:17:00,483 - general_logger - INFO - list operation successful
2024-04-30 11:17:00,483 - general_logger - INFO - list operation successful
2024-04-30 11:17:00,483 - general_logger - INFO - list operation successful
2024-04-30 11:17:00,483 - general_logger - INFO - list operation successful
2024-04-30 11:17:00,483 - general_logger - INFO - list operation successful
2024-04-30 11:17:00,483 - general_logger - INFO - list operation successful
2024-04-30 11:17:23,155 - general_logger - INFO - select operation successful
2024-04-30 11:17:23,155 - general_logger - INFO - select operation successful
2024-04-30 11:17:33,727 - general_logger - INFO - select operation successful
2024-04-30 11:17:33,727 - general_logger - INFO - select operation successful
2024-04-30 11:17:41,079 - general_logger - INFO - select operation successful
2024-04-30 11:17:41,079 - general_logger - INFO - select operation successful
2024-04-30 11:17:41,079 - general_logger - INFO - select operation successful
2024-04-30 11:17:44,840 - general_logger - INFO - select operation successful
2024-04-30 11:17:44,840 - general_logger - INFO - select operation successful
2024-04-30 11:17:44,840 - general_logger - INFO - select operation successful
2024-04-30 11:17:44,840 - general_logger - INFO - select operation successful
2024-04-30 11:17:48,376 - general_logger - INFO - select operation successful
2024-04-30 11:17:48,376 - general_logger - INFO - select operation successful
2024-04-30 11:17:48,376 - general_logger - INFO - select operation successful
2024-04-30 11:17:48,376 - general_logger - INFO - select operation successful
2024-04-30 11:17:48,376 - general_logger - INFO - select operation successful
2024-04-30 11:17:52,189 - general_logger - INFO - select operation successful
2024-04-30 11:17:52,189 - general_logger - INFO - select operation successful
2024-04-30 11:17:52,189 - general_logger - INFO - select operation successful
2024-04-30 11:17:52,189 - general_logger - INFO - select operation successful
2024-04-30 11:17:52,189 - general_logger - INFO - select operation successful
2024-04-30 11:17:52,189 - general_logger - INFO - select operation successful
2024-04-30 11:18:10,450 - general_logger - INFO - select operation successful
2024-04-30 11:18:10,450 - general_logger - INFO - select operation successful
2024-04-30 11:18:10,450 - general_logger - INFO - select operation successful
2024-04-30 11:18:10,450 - general_logger - INFO - select operation successful
2024-04-30 11:18:10,450 - general_logger - INFO - select operation successful
2024-04-30 11:18:10,450 - general_logger - INFO - select operation successful
2024-04-30 11:18:10,450 - general_logger - INFO - select operation successful
2024-04-30 11:18:10,450 - general_logger - INFO - select operation successful
2024-04-30 11:18:36,173 - general_logger - INFO - select operation successful
2024-04-30 11:18:36,173 - general_logger - INFO - select operation successful
2024-04-30 11:18:36,173 - general_logger - INFO - select operation successful
2024-04-30 11:18:36,173 - general_logger - INFO - select operation successful
2024-04-30 11:18:36,173 - general_logger - INFO - select operation successful
2024-04-30 11:18:36,173 - general_logger - INFO - select operation successful
2024-04-30 11:18:36,173 - general_logger - INFO - select operation successful
2024-04-30 11:18:36,173 - general_logger - INFO - select operation successful
2024-04-30 11:18:36,173 - general_logger - INFO - select operation successful
2024-04-30 11:18:36,173 - general_logger - INFO - select operation successful
2024-04-30 11:18:36,173 - general_logger - INFO - select operation successful
2024-04-30 11:18:40,836 - general_logger - INFO - select operation successful
2024-04-30 11:18:40,836 - general_logger - INFO - select operation successful
2024-04-30 11:18:40,836 - general_logger - INFO - select operation successful
2024-04-30 11:18:40,836 - general_logger - INFO - select operation successful
2024-04-30 11:18:40,836 - general_logger - INFO - select operation successful
2024-04-30 11:18:40,836 - general_logger - INFO - select operation successful
2024-04-30 11:18:40,836 - general_logger - INFO - select operation successful
2024-04-30 11:18:40,836 - general_logger - INFO - select operation successful
2024-04-30 11:18:40,836 - general_logger - INFO - select operation successful
2024-04-30 11:18:40,836 - general_logger - INFO - select operation successful
2024-04-30 11:18:40,836 - general_logger - INFO - select operation successful
2024-04-30 11:18:40,836 - general_logger - INFO - select operation successful
2024-04-30 11:19:05,831 - general_logger - INFO - select operation successful
2024-04-30 11:19:05,831 - general_logger - INFO - select operation successful
2024-04-30 11:19:05,831 - general_logger - INFO - select operation successful
2024-04-30 11:19:05,831 - general_logger - INFO - select operation successful
2024-04-30 11:19:05,831 - general_logger - INFO - select operation successful
2024-04-30 11:19:05,831 - general_logger - INFO - select operation successful
2024-04-30 11:19:05,831 - general_logger - INFO - select operation successful
2024-04-30 11:19:05,831 - general_logger - INFO - select operation successful
2024-04-30 11:19:05,831 - general_logger - INFO - select operation successful
2024-04-30 11:19:05,831 - general_logger - INFO - select operation successful
2024-04-30 11:19:05,831 - general_logger - INFO - select operation successful
2024-04-30 11:19:05,831 - general_logger - INFO - select operation successful
2024-04-30 11:19:05,831 - general_logger - INFO - select operation successful
2024-04-30 11:19:05,831 - general_logger - INFO - select operation successful
2024-04-30 11:19:49,697 - general_logger - INFO - select operation successful
2024-04-30 11:19:49,697 - general_logger - INFO - select operation successful
2024-04-30 11:19:49,697 - general_logger - INFO - select operation successful
2024-04-30 11:19:49,697 - general_logger - INFO - select operation successful
2024-04-30 11:19:49,697 - general_logger - INFO - select operation successful
2024-04-30 11:19:49,697 - general_logger - INFO - select operation successful
2024-04-30 11:19:49,697 - general_logger - INFO - select operation successful
2024-04-30 11:19:49,697 - general_logger - INFO - select operation successful
2024-04-30 11:19:49,697 - general_logger - INFO - select operation successful
2024-04-30 11:19:49,697 - general_logger - INFO - select operation successful
2024-04-30 11:19:49,697 - general_logger - INFO - select operation successful
2024-04-30 11:19:49,697 - general_logger - INFO - select operation successful
2024-04-30 11:19:49,697 - general_logger - INFO - select operation successful
2024-04-30 11:19:49,697 - general_logger - INFO - select operation successful
2024-04-30 11:19:49,697 - general_logger - INFO - select operation successful
2024-04-30 11:19:57,730 - general_logger - INFO - update operation successful
2024-04-30 11:19:57,730 - general_logger - INFO - update operation successful
2024-04-30 11:19:57,730 - general_logger - INFO - update operation successful
2024-04-30 11:19:57,730 - general_logger - INFO - update operation successful
2024-04-30 11:19:57,730 - general_logger - INFO - update operation successful
2024-04-30 11:19:57,730 - general_logger - INFO - update operation successful
2024-04-30 11:19:57,730 - general_logger - INFO - update operation successful
2024-04-30 11:19:57,730 - general_logger - INFO - update operation successful
2024-04-30 11:19:57,730 - general_logger - INFO - update operation successful
2024-04-30 11:19:57,730 - general_logger - INFO - update operation successful
2024-04-30 11:19:57,730 - general_logger - INFO - update operation successful
2024-04-30 11:19:57,730 - general_logger - INFO - update operation successful
2024-04-30 11:19:57,730 - general_logger - INFO - update operation successful
2024-04-30 11:19:57,730 - general_logger - INFO - update operation successful
2024-04-30 11:19:57,730 - general_logger - INFO - update operation successful
2024-04-30 11:19:57,730 - general_logger - INFO - update operation successful
2024-04-30 11:20:01,963 - general_logger - INFO - select operation successful
2024-04-30 11:20:01,963 - general_logger - INFO - select operation successful
2024-04-30 11:20:01,963 - general_logger - INFO - select operation successful
2024-04-30 11:20:01,963 - general_logger - INFO - select operation successful
2024-04-30 11:20:01,963 - general_logger - INFO - select operation successful
2024-04-30 11:20:01,963 - general_logger - INFO - select operation successful
2024-04-30 11:20:01,963 - general_logger - INFO - select operation successful
2024-04-30 11:20:01,963 - general_logger - INFO - select operation successful
2024-04-30 11:20:01,963 - general_logger - INFO - select operation successful
2024-04-30 11:20:01,963 - general_logger - INFO - select operation successful
2024-04-30 11:20:01,963 - general_logger - INFO - select operation successful
2024-04-30 11:20:01,963 - general_logger - INFO - select operation successful
2024-04-30 11:20:01,963 - general_logger - INFO - select operation successful
2024-04-30 11:20:01,963 - general_logger - INFO - select operation successful
2024-04-30 11:20:01,963 - general_logger - INFO - select operation successful
2024-04-30 11:20:01,963 - general_logger - INFO - select operation successful
2024-04-30 11:20:01,963 - general_logger - INFO - select operation successful
2024-04-30 11:20:12,544 - general_logger - INFO - update operation successful
2024-04-30 11:20:12,544 - general_logger - INFO - update operation successful
2024-04-30 11:20:12,544 - general_logger - INFO - update operation successful
2024-04-30 11:20:12,544 - general_logger - INFO - update operation successful
2024-04-30 11:20:12,544 - general_logger - INFO - update operation successful
2024-04-30 11:20:12,544 - general_logger - INFO - update operation successful
2024-04-30 11:20:12,544 - general_logger - INFO - update operation successful
2024-04-30 11:20:12,544 - general_logger - INFO - update operation successful
2024-04-30 11:20:12,544 - general_logger - INFO - update operation successful
2024-04-30 11:20:12,544 - general_logger - INFO - update operation successful
2024-04-30 11:20:12,544 - general_logger - INFO - update operation successful
2024-04-30 11:20:12,544 - general_logger - INFO - update operation successful
2024-04-30 11:20:12,544 - general_logger - INFO - update operation successful
2024-04-30 11:20:12,544 - general_logger - INFO - update operation successful
2024-04-30 11:20:12,544 - general_logger - INFO - update operation successful
2024-04-30 11:20:12,544 - general_logger - INFO - update operation successful
2024-04-30 11:20:12,544 - general_logger - INFO - update operation successful
2024-04-30 11:20:12,544 - general_logger - INFO - update operation successful
2024-04-30 11:20:16,683 - general_logger - INFO - select operation successful
2024-04-30 11:20:16,683 - general_logger - INFO - select operation successful
2024-04-30 11:20:16,683 - general_logger - INFO - select operation successful
2024-04-30 11:20:16,683 - general_logger - INFO - select operation successful
2024-04-30 11:20:16,683 - general_logger - INFO - select operation successful
2024-04-30 11:20:16,683 - general_logger - INFO - select operation successful
2024-04-30 11:20:16,683 - general_logger - INFO - select operation successful
2024-04-30 11:20:16,683 - general_logger - INFO - select operation successful
2024-04-30 11:20:16,683 - general_logger - INFO - select operation successful
2024-04-30 11:20:16,683 - general_logger - INFO - select operation successful
2024-04-30 11:20:16,683 - general_logger - INFO - select operation successful
2024-04-30 11:20:16,683 - general_logger - INFO - select operation successful
2024-04-30 11:20:16,683 - general_logger - INFO - select operation successful
2024-04-30 11:20:16,683 - general_logger - INFO - select operation successful
2024-04-30 11:20:16,683 - general_logger - INFO - select operation successful
2024-04-30 11:20:16,683 - general_logger - INFO - select operation successful
2024-04-30 11:20:16,683 - general_logger - INFO - select operation successful
2024-04-30 11:20:16,683 - general_logger - INFO - select operation successful
2024-04-30 11:20:16,683 - general_logger - INFO - select operation successful
2024-04-30 11:22:18,252 - general_logger - INFO - select operation successful
2024-04-30 11:22:18,252 - general_logger - INFO - select operation successful
2024-04-30 11:22:18,252 - general_logger - INFO - select operation successful
2024-04-30 11:22:18,252 - general_logger - INFO - select operation successful
2024-04-30 11:22:18,252 - general_logger - INFO - select operation successful
2024-04-30 11:22:18,252 - general_logger - INFO - select operation successful
2024-04-30 11:22:18,252 - general_logger - INFO - select operation successful
2024-04-30 11:22:18,252 - general_logger - INFO - select operation successful
2024-04-30 11:22:18,252 - general_logger - INFO - select operation successful
2024-04-30 11:22:18,252 - general_logger - INFO - select operation successful
2024-04-30 11:22:18,252 - general_logger - INFO - select operation successful
2024-04-30 11:22:18,252 - general_logger - INFO - select operation successful
2024-04-30 11:22:18,252 - general_logger - INFO - select operation successful
2024-04-30 11:22:18,252 - general_logger - INFO - select operation successful
2024-04-30 11:22:18,252 - general_logger - INFO - select operation successful
2024-04-30 11:22:18,252 - general_logger - INFO - select operation successful
2024-04-30 11:22:18,252 - general_logger - INFO - select operation successful
2024-04-30 11:22:18,252 - general_logger - INFO - select operation successful
2024-04-30 11:22:18,252 - general_logger - INFO - select operation successful
2024-04-30 11:22:18,252 - general_logger - INFO - select operation successful
2024-04-30 11:22:18,252 - general_logger - INFO - select operation successful
2024-04-30 11:22:21,580 - general_logger - INFO - select operation successful
2024-04-30 11:22:21,580 - general_logger - INFO - select operation successful
2024-04-30 11:22:21,580 - general_logger - INFO - select operation successful
2024-04-30 11:22:21,580 - general_logger - INFO - select operation successful
2024-04-30 11:22:21,580 - general_logger - INFO - select operation successful
2024-04-30 11:22:21,580 - general_logger - INFO - select operation successful
2024-04-30 11:22:21,580 - general_logger - INFO - select operation successful
2024-04-30 11:22:21,580 - general_logger - INFO - select operation successful
2024-04-30 11:22:21,580 - general_logger - INFO - select operation successful
2024-04-30 11:22:21,580 - general_logger - INFO - select operation successful
2024-04-30 11:22:21,580 - general_logger - INFO - select operation successful
2024-04-30 11:22:21,580 - general_logger - INFO - select operation successful
2024-04-30 11:22:21,580 - general_logger - INFO - select operation successful
2024-04-30 11:22:21,580 - general_logger - INFO - select operation successful
2024-04-30 11:22:21,580 - general_logger - INFO - select operation successful
2024-04-30 11:22:21,580 - general_logger - INFO - select operation successful
2024-04-30 11:22:21,580 - general_logger - INFO - select operation successful
2024-04-30 11:22:21,580 - general_logger - INFO - select operation successful
2024-04-30 11:22:21,580 - general_logger - INFO - select operation successful
2024-04-30 11:22:21,580 - general_logger - INFO - select operation successful
2024-04-30 11:22:21,580 - general_logger - INFO - select operation successful
2024-04-30 11:22:21,580 - general_logger - INFO - select operation successful
2024-04-30 11:23:06,398 - general_logger - INFO - select operation successful
2024-04-30 11:23:06,398 - general_logger - INFO - select operation successful
2024-04-30 11:23:18,742 - general_logger - INFO - add operation successful
2024-04-30 11:23:18,742 - general_logger - INFO - add operation successful
2024-04-30 11:23:18,742 - general_logger - INFO - add operation successful
2024-04-30 11:23:18,760 - general_logger - INFO - select operation successful
2024-04-30 11:23:18,760 - general_logger - INFO - select operation successful
2024-04-30 11:23:18,760 - general_logger - INFO - select operation successful
2024-04-30 11:23:18,760 - general_logger - INFO - select operation successful
2024-04-30 11:23:39,208 - general_logger - INFO - select operation successful
2024-04-30 11:23:39,208 - general_logger - INFO - select operation successful
2024-04-30 11:23:39,208 - general_logger - INFO - select operation successful
2024-04-30 11:23:39,208 - general_logger - INFO - select operation successful
2024-04-30 11:23:39,208 - general_logger - INFO - select operation successful
2024-04-30 11:53:53,740 - general_logger - INFO - select operation successful
2024-04-30 11:53:53,740 - general_logger - INFO - select operation successful
2024-04-30 11:53:53,740 - general_logger - INFO - select operation successful
2024-04-30 11:53:53,740 - general_logger - INFO - select operation successful
2024-04-30 11:53:53,740 - general_logger - INFO - select operation successful
2024-04-30 11:53:53,740 - general_logger - INFO - select operation successful
2024-04-30 11:58:42,249 - general_logger - INFO - select operation successful
2024-04-30 11:58:42,249 - general_logger - INFO - select operation successful
2024-04-30 11:59:15,193 - general_logger - INFO - select operation successful
2024-04-30 11:59:15,193 - general_logger - INFO - select operation successful
2024-04-30 11:59:15,193 - general_logger - INFO - select operation successful
2024-04-30 12:04:19,209 - general_logger - INFO - delete operation successful
2024-04-30 12:04:19,209 - general_logger - INFO - delete operation successful
2024-04-30 12:04:22,099 - general_logger - INFO - select operation successful
2024-04-30 12:04:22,099 - general_logger - INFO - select operation successful
2024-04-30 12:04:22,099 - general_logger - INFO - select operation successful
2024-04-30 12:04:50,640 - general_logger - INFO - delete operation successful
2024-04-30 12:04:50,640 - general_logger - INFO - delete operation successful
2024-04-30 12:04:50,640 - general_logger - INFO - delete operation successful
2024-04-30 12:04:50,640 - general_logger - INFO - delete operation successful
2024-04-30 12:04:57,870 - general_logger - INFO - select operation successful
2024-04-30 12:04:57,870 - general_logger - INFO - select operation successful
2024-04-30 12:04:57,870 - general_logger - INFO - select operation successful
2024-04-30 12:04:57,870 - general_logger - INFO - select operation successful
2024-04-30 12:04:57,870 - general_logger - INFO - select operation successful
2024-04-30 13:38:36,748 - general_logger - INFO - select operation successful
2024-04-30 13:38:36,748 - general_logger - INFO - select operation successful
2024-04-30 13:39:43,720 - general_logger - INFO - add operation successful
2024-04-30 13:39:43,720 - general_logger - INFO - add operation successful
2024-04-30 13:39:43,720 - general_logger - INFO - add operation successful
2024-04-30 13:39:52,605 - general_logger - INFO - select operation successful
2024-04-30 13:39:52,605 - general_logger - INFO - select operation successful
2024-04-30 13:39:52,605 - general_logger - INFO - select operation successful
2024-04-30 13:39:52,605 - general_logger - INFO - select operation successful
2024-04-30 13:56:50,521 - general_logger - INFO - select operation successful
2024-04-30 13:56:50,521 - general_logger - INFO - select operation successful
2024-04-30 14:08:25,994 - general_logger - INFO - select operation successful
2024-04-30 14:08:25,994 - general_logger - INFO - select operation successful
2024-04-30 14:08:25,994 - general_logger - INFO - select operation successful
2024-04-30 14:08:48,784 - general_logger - INFO - add operation successful
2024-04-30 14:08:48,784 - general_logger - INFO - add operation successful
2024-04-30 14:08:48,784 - general_logger - INFO - add operation successful
2024-04-30 14:08:48,784 - general_logger - INFO - add operation successful
2024-04-30 14:08:48,796 - general_logger - INFO - select operation successful
2024-04-30 14:08:48,796 - general_logger - INFO - select operation successful
2024-04-30 14:08:48,796 - general_logger - INFO - select operation successful
2024-04-30 14:08:48,796 - general_logger - INFO - select operation successful
2024-04-30 14:08:48,796 - general_logger - INFO - select operation successful
2024-04-30 14:08:52,523 - general_logger - INFO - select operation successful
2024-04-30 14:08:52,523 - general_logger - INFO - select operation successful
2024-04-30 14:08:52,523 - general_logger - INFO - select operation successful
2024-04-30 14:08:52,523 - general_logger - INFO - select operation successful
2024-04-30 14:08:52,523 - general_logger - INFO - select operation successful
2024-04-30 14:08:52,523 - general_logger - INFO - select operation successful
2024-04-30 14:09:15,557 - general_logger - INFO - delete operation successful
2024-04-30 14:09:15,557 - general_logger - INFO - delete operation successful
2024-04-30 14:09:15,557 - general_logger - INFO - delete operation successful
2024-04-30 14:09:15,557 - general_logger - INFO - delete operation successful
2024-04-30 14:09:15,557 - general_logger - INFO - delete operation successful
2024-04-30 14:09:15,557 - general_logger - INFO - delete operation successful
2024-04-30 14:09:15,557 - general_logger - INFO - delete operation successful
2024-04-30 14:09:16,434 - general_logger - INFO - select operation successful
2024-04-30 14:09:16,434 - general_logger - INFO - select operation successful
2024-04-30 14:09:16,434 - general_logger - INFO - select operation successful
2024-04-30 14:09:16,434 - general_logger - INFO - select operation successful
2024-04-30 14:09:16,434 - general_logger - INFO - select operation successful
2024-04-30 14:09:16,434 - general_logger - INFO - select operation successful
2024-04-30 14:09:16,434 - general_logger - INFO - select operation successful
2024-04-30 14:09:16,434 - general_logger - INFO - select operation successful
2024-04-30 14:09:22,904 - general_logger - INFO - delete operation successful
2024-04-30 14:09:22,904 - general_logger - INFO - delete operation successful
2024-04-30 14:09:22,904 - general_logger - INFO - delete operation successful
2024-04-30 14:09:22,904 - general_logger - INFO - delete operation successful
2024-04-30 14:09:22,904 - general_logger - INFO - delete operation successful
2024-04-30 14:09:22,904 - general_logger - INFO - delete operation successful
2024-04-30 14:09:22,904 - general_logger - INFO - delete operation successful
2024-04-30 14:09:22,904 - general_logger - INFO - delete operation successful
2024-04-30 14:09:22,904 - general_logger - INFO - delete operation successful
2024-04-30 14:09:25,597 - general_logger - INFO - select operation successful
2024-04-30 14:09:25,597 - general_logger - INFO - select operation successful
2024-04-30 14:09:25,597 - general_logger - INFO - select operation successful
2024-04-30 14:09:25,597 - general_logger - INFO - select operation successful
2024-04-30 14:09:25,597 - general_logger - INFO - select operation successful
2024-04-30 14:09:25,597 - general_logger - INFO - select operation successful
2024-04-30 14:09:25,597 - general_logger - INFO - select operation successful
2024-04-30 14:09:25,597 - general_logger - INFO - select operation successful
2024-04-30 14:09:25,597 - general_logger - INFO - select operation successful
2024-04-30 14:09:25,597 - general_logger - INFO - select operation successful
2024-04-30 14:09:45,624 - general_logger - INFO - add operation successful
2024-04-30 14:09:45,624 - general_logger - INFO - add operation successful
2024-04-30 14:09:45,624 - general_logger - INFO - add operation successful
2024-04-30 14:09:45,624 - general_logger - INFO - add operation successful
2024-04-30 14:09:45,624 - general_logger - INFO - add operation successful
2024-04-30 14:09:45,624 - general_logger - INFO - add operation successful
2024-04-30 14:09:45,624 - general_logger - INFO - add operation successful
2024-04-30 14:09:45,624 - general_logger - INFO - add operation successful
2024-04-30 14:09:45,624 - general_logger - INFO - add operation successful
2024-04-30 14:09:45,624 - general_logger - INFO - add operation successful
2024-04-30 14:09:45,624 - general_logger - INFO - add operation successful
2024-04-30 14:09:47,021 - general_logger - INFO - select operation successful
2024-04-30 14:09:47,021 - general_logger - INFO - select operation successful
2024-04-30 14:09:47,021 - general_logger - INFO - select operation successful
2024-04-30 14:09:47,021 - general_logger - INFO - select operation successful
2024-04-30 14:09:47,021 - general_logger - INFO - select operation successful
2024-04-30 14:09:47,021 - general_logger - INFO - select operation successful
2024-04-30 14:09:47,021 - general_logger - INFO - select operation successful
2024-04-30 14:09:47,021 - general_logger - INFO - select operation successful
2024-04-30 14:09:47,021 - general_logger - INFO - select operation successful
2024-04-30 14:09:47,021 - general_logger - INFO - select operation successful
2024-04-30 14:09:47,021 - general_logger - INFO - select operation successful
2024-04-30 14:09:47,021 - general_logger - INFO - select operation successful
2024-04-30 14:10:44,533 - general_logger - INFO - select operation successful
2024-04-30 14:10:44,533 - general_logger - INFO - select operation successful
2024-04-30 14:10:44,533 - general_logger - INFO - select operation successful
2024-04-30 14:10:44,533 - general_logger - INFO - select operation successful
2024-04-30 14:10:44,533 - general_logger - INFO - select operation successful
2024-04-30 14:10:44,533 - general_logger - INFO - select operation successful
2024-04-30 14:10:44,533 - general_logger - INFO - select operation successful
2024-04-30 14:10:44,533 - general_logger - INFO - select operation successful
2024-04-30 14:10:44,533 - general_logger - INFO - select operation successful
2024-04-30 14:10:44,533 - general_logger - INFO - select operation successful
2024-04-30 14:10:44,533 - general_logger - INFO - select operation successful
2024-04-30 14:10:44,533 - general_logger - INFO - select operation successful
2024-04-30 14:10:44,533 - general_logger - INFO - select operation successful
2024-04-30 14:27:31,216 - general_logger - INFO - select operation successful
2024-04-30 14:27:31,216 - general_logger - INFO - select operation successful
2024-04-30 14:28:44,154 - general_logger - INFO - select operation successful
2024-04-30 14:28:44,154 - general_logger - INFO - select operation successful
2024-04-30 14:28:44,154 - general_logger - INFO - select operation successful
2024-04-30 14:34:00,954 - general_logger - INFO - select operation successful
2024-04-30 14:34:00,954 - general_logger - INFO - select operation successful
2024-04-30 14:34:00,954 - general_logger - INFO - select operation successful
2024-04-30 14:34:00,954 - general_logger - INFO - select operation successful
2024-04-30 14:34:06,919 - general_logger - INFO - update operation successful
2024-04-30 14:34:06,919 - general_logger - INFO - update operation successful
2024-04-30 14:34:06,919 - general_logger - INFO - update operation successful
2024-04-30 14:34:06,919 - general_logger - INFO - update operation successful
2024-04-30 14:34:06,919 - general_logger - INFO - update operation successful
2024-04-30 14:34:10,576 - general_logger - INFO - select operation successful
2024-04-30 14:34:10,576 - general_logger - INFO - select operation successful
2024-04-30 14:34:10,576 - general_logger - INFO - select operation successful
2024-04-30 14:34:10,576 - general_logger - INFO - select operation successful
2024-04-30 14:34:10,576 - general_logger - INFO - select operation successful
2024-04-30 14:34:10,576 - general_logger - INFO - select operation successful
2024-04-30 14:45:50,877 - general_logger - INFO - select operation successful
2024-04-30 14:45:50,877 - general_logger - INFO - select operation successful
2024-04-30 14:45:50,877 - general_logger - INFO - select operation successful
2024-04-30 14:45:50,877 - general_logger - INFO - select operation successful
2024-04-30 14:45:50,877 - general_logger - INFO - select operation successful
2024-04-30 14:45:50,877 - general_logger - INFO - select operation successful
2024-04-30 14:45:50,877 - general_logger - INFO - select operation successful
2024-04-30 14:46:40,525 - general_logger - INFO - select operation successful
2024-04-30 14:46:40,525 - general_logger - INFO - select operation successful
2024-04-30 14:46:40,525 - general_logger - INFO - select operation successful
2024-04-30 14:46:40,525 - general_logger - INFO - select operation successful
2024-04-30 14:46:40,525 - general_logger - INFO - select operation successful
2024-04-30 14:46:40,525 - general_logger - INFO - select operation successful
2024-04-30 14:46:40,525 - general_logger - INFO - select operation successful
2024-04-30 14:46:40,525 - general_logger - INFO - select operation successful
2024-04-30 14:48:18,225 - general_logger - INFO - select operation successful
2024-04-30 14:48:18,225 - general_logger - INFO - select operation successful
2024-04-30 14:48:41,417 - general_logger - INFO - select operation successful
2024-04-30 14:48:41,417 - general_logger - INFO - select operation successful
2024-04-30 14:48:41,417 - general_logger - INFO - select operation successful
2024-04-30 14:48:51,051 - general_logger - INFO - select operation successful
2024-04-30 14:48:51,051 - general_logger - INFO - select operation successful
2024-04-30 14:48:51,051 - general_logger - INFO - select operation successful
2024-04-30 14:48:51,051 - general_logger - INFO - select operation successful
2024-04-30 14:48:57,184 - general_logger - INFO - select operation successful
2024-04-30 14:48:57,184 - general_logger - INFO - select operation successful
2024-04-30 14:48:57,184 - general_logger - INFO - select operation successful
2024-04-30 14:48:57,184 - general_logger - INFO - select operation successful
2024-04-30 14:48:57,184 - general_logger - INFO - select operation successful
2024-04-30 14:58:58,147 - general_logger - INFO - select operation successful
2024-04-30 14:58:58,147 - general_logger - INFO - select operation successful
2024-05-01 21:09:23,218 - general_logger - INFO - select operation successful
2024-05-01 21:09:23,218 - general_logger - INFO - select operation successful
2024-05-01 21:09:28,437 - general_logger - INFO - update operation successful
2024-05-01 21:09:28,437 - general_logger - INFO - update operation successful
2024-05-01 21:09:28,437 - general_logger - INFO - update operation successful
2024-05-01 21:09:32,274 - general_logger - INFO - select operation successful
2024-05-01 21:09:32,274 - general_logger - INFO - select operation successful
2024-05-01 21:09:32,274 - general_logger - INFO - select operation successful
2024-05-01 21:09:32,274 - general_logger - INFO - select operation successful
2024-05-02 02:42:03,610 - general_logger - INFO - select operation successful
2024-05-02 02:42:03,610 - general_logger - INFO - select operation successful
2024-05-02 02:42:23,618 - general_logger - INFO - update operation successful
2024-05-02 02:42:23,618 - general_logger - INFO - update operation successful
2024-05-02 02:42:23,618 - general_logger - INFO - update operation successful
2024-05-02 02:48:35,706 - general_logger - INFO - select operation successful
2024-05-02 02:48:35,706 - general_logger - INFO - select operation successful
2024-05-02 02:48:42,521 - general_logger - INFO - update operation successful
2024-05-02 02:48:42,521 - general_logger - INFO - update operation successful
2024-05-02 02:48:42,521 - general_logger - INFO - update operation successful
2024-05-02 02:48:55,911 - general_logger - INFO - select operation successful
2024-05-02 02:48:55,911 - general_logger - INFO - select operation successful
2024-05-02 02:48:55,911 - general_logger - INFO - select operation successful
2024-05-02 02:48:55,911 - general_logger - INFO - select operation successful
2024-05-02 02:52:41,447 - general_logger - INFO - select operation successful
2024-05-02 02:52:41,447 - general_logger - INFO - select operation successful
2024-05-02 02:52:41,447 - general_logger - INFO - select operation successful
2024-05-02 02:52:47,928 - general_logger - INFO - select operation successful
2024-05-02 02:52:47,928 - general_logger - INFO - select operation successful
2024-05-02 02:52:48,920 - general_logger - INFO - select operation successful
2024-05-02 02:52:48,920 - general_logger - INFO - select operation successful
2024-05-02 02:52:48,920 - general_logger - INFO - select operation successful
2024-05-02 02:52:56,402 - general_logger - INFO - select operation successful
2024-05-02 02:52:56,402 - general_logger - INFO - select operation successful
2024-05-02 02:54:03,053 - general_logger - INFO - select operation successful
2024-05-02 02:54:03,053 - general_logger - INFO - select operation successful
2024-05-02 02:54:12,960 - general_logger - INFO - select operation successful
2024-05-02 02:54:12,960 - general_logger - INFO - select operation successful
2024-05-02 02:56:11,458 - general_logger - INFO - select operation successful
2024-05-02 02:56:11,458 - general_logger - INFO - select operation successful
2024-05-02 02:56:21,209 - general_logger - INFO - update operation successful
2024-05-02 02:56:21,209 - general_logger - INFO - update operation successful
2024-05-02 02:56:21,209 - general_logger - INFO - update operation successful
2024-05-02 02:56:24,511 - general_logger - INFO - select operation successful
2024-05-02 02:56:24,511 - general_logger - INFO - select operation successful
2024-05-02 02:56:24,511 - general_logger - INFO - select operation successful
2024-05-02 02:56:24,511 - general_logger - INFO - select operation successful
2024-05-02 02:57:25,697 - general_logger - INFO - select operation successful
2024-05-02 02:57:25,697 - general_logger - INFO - select operation successful
2024-05-02 02:57:48,461 - general_logger - INFO - delete operation successful
2024-05-02 02:57:48,461 - general_logger - INFO - delete operation successful
2024-05-02 02:57:48,461 - general_logger - INFO - delete operation successful
2024-05-02 02:57:51,046 - general_logger - INFO - select operation successful
2024-05-02 02:57:51,046 - general_logger - INFO - select operation successful
2024-05-02 02:57:51,046 - general_logger - INFO - select operation successful
2024-05-02 02:57:51,046 - general_logger - INFO - select operation successful
2024-05-02 02:57:55,123 - general_logger - INFO - select operation successful
2024-05-02 02:57:55,123 - general_logger - INFO - select operation successful
2024-05-02 02:57:55,123 - general_logger - INFO - select operation successful
2024-05-02 02:57:55,123 - general_logger - INFO - select operation successful
2024-05-02 02:57:55,123 - general_logger - INFO - select operation successful
2024-05-02 02:58:11,921 - general_logger - INFO - add operation successful
2024-05-02 02:58:11,921 - general_logger - INFO - add operation successful
2024-05-02 02:58:11,921 - general_logger - INFO - add operation successful
2024-05-02 02:58:11,921 - general_logger - INFO - add operation successful
2024-05-02 02:58:11,921 - general_logger - INFO - add operation successful
2024-05-02 02:58:11,921 - general_logger - INFO - add operation successful
2024-05-02 02:58:11,934 - general_logger - INFO - select operation successful
2024-05-02 02:58:11,934 - general_logger - INFO - select operation successful
2024-05-02 02:58:11,934 - general_logger - INFO - select operation successful
2024-05-02 02:58:11,934 - general_logger - INFO - select operation successful
2024-05-02 02:58:11,934 - general_logger - INFO - select operation successful
2024-05-02 02:58:11,934 - general_logger - INFO - select operation successful
2024-05-02 02:58:11,934 - general_logger - INFO - select operation successful
2024-05-02 02:58:17,973 - general_logger - INFO - select operation successful
2024-05-02 02:58:17,973 - general_logger - INFO - select operation successful
2024-05-02 02:58:17,973 - general_logger - INFO - select operation successful
2024-05-02 02:58:17,973 - general_logger - INFO - select operation successful
2024-05-02 02:58:17,973 - general_logger - INFO - select operation successful
2024-05-02 02:58:17,973 - general_logger - INFO - select operation successful
2024-05-02 02:58:17,973 - general_logger - INFO - select operation successful
2024-05-02 02:58:17,973 - general_logger - INFO - select operation successful
2024-05-02 02:58:37,722 - general_logger - INFO - update operation successful
2024-05-02 02:58:37,722 - general_logger - INFO - update operation successful
2024-05-02 02:58:37,722 - general_logger - INFO - update operation successful
2024-05-02 02:58:37,722 - general_logger - INFO - update operation successful
2024-05-02 02:58:37,722 - general_logger - INFO - update operation successful
2024-05-02 02:58:37,722 - general_logger - INFO - update operation successful
2024-05-02 02:58:37,722 - general_logger - INFO - update operation successful
2024-05-02 02:58:37,722 - general_logger - INFO - update operation successful
2024-05-02 02:58:37,722 - general_logger - INFO - update operation successful
2024-05-02 02:58:58,258 - general_logger - INFO - select operation successful
2024-05-02 02:58:58,258 - general_logger - INFO - select operation successful
2024-05-02 02:58:58,258 - general_logger - INFO - select operation successful
2024-05-02 02:58:58,258 - general_logger - INFO - select operation successful
2024-05-02 02:58:58,258 - general_logger - INFO - select operation successful
2024-05-02 02:58:58,258 - general_logger - INFO - select operation successful
2024-05-02 02:58:58,258 - general_logger - INFO - select operation successful
2024-05-02 02:58:58,258 - general_logger - INFO - select operation successful
2024-05-02 02:58:58,258 - general_logger - INFO - select operation successful
2024-05-02 02:58:58,258 - general_logger - INFO - select operation successful
2024-05-02 02:59:17,813 - general_logger - INFO - select operation successful
2024-05-02 02:59:17,813 - general_logger - INFO - select operation successful
2024-05-02 02:59:17,813 - general_logger - INFO - select operation successful
2024-05-02 02:59:17,813 - general_logger - INFO - select operation successful
2024-05-02 02:59:17,813 - general_logger - INFO - select operation successful
2024-05-02 02:59:17,813 - general_logger - INFO - select operation successful
2024-05-02 02:59:17,813 - general_logger - INFO - select operation successful
2024-05-02 02:59:17,813 - general_logger - INFO - select operation successful
2024-05-02 02:59:17,813 - general_logger - INFO - select operation successful
2024-05-02 02:59:17,813 - general_logger - INFO - select operation successful
2024-05-02 02:59:17,813 - general_logger - INFO - select operation successful
2024-05-02 02:59:23,872 - general_logger - INFO - select operation successful
2024-05-02 02:59:23,872 - general_logger - INFO - select operation successful
2024-05-02 02:59:23,872 - general_logger - INFO - select operation successful
2024-05-02 02:59:23,872 - general_logger - INFO - select operation successful
2024-05-02 02:59:23,872 - general_logger - INFO - select operation successful
2024-05-02 02:59:23,872 - general_logger - INFO - select operation successful
2024-05-02 02:59:23,872 - general_logger - INFO - select operation successful
2024-05-02 02:59:23,872 - general_logger - INFO - select operation successful
2024-05-02 02:59:23,872 - general_logger - INFO - select operation successful
2024-05-02 02:59:23,872 - general_logger - INFO - select operation successful
2024-05-02 02:59:23,872 - general_logger - INFO - select operation successful
2024-05-02 02:59:23,872 - general_logger - INFO - select operation successful
2024-05-02 02:59:27,035 - general_logger - INFO - select operation successful
2024-05-02 02:59:27,035 - general_logger - INFO - select operation successful
2024-05-02 02:59:27,035 - general_logger - INFO - select operation successful
2024-05-02 02:59:27,035 - general_logger - INFO - select operation successful
2024-05-02 02:59:27,035 - general_logger - INFO - select operation successful
2024-05-02 02:59:27,035 - general_logger - INFO - select operation successful
2024-05-02 02:59:27,035 - general_logger - INFO - select operation successful
2024-05-02 02:59:27,035 - general_logger - INFO - select operation successful
2024-05-02 02:59:27,035 - general_logger - INFO - select operation successful
2024-05-02 02:59:27,035 - general_logger - INFO - select operation successful
2024-05-02 02:59:27,035 - general_logger - INFO - select operation successful
2024-05-02 02:59:27,035 - general_logger - INFO - select operation successful
2024-05-02 02:59:27,035 - general_logger - INFO - select operation successful
2024-05-02 03:04:02,394 - general_logger - INFO - select operation successful
2024-05-02 03:04:02,394 - general_logger - INFO - select operation successful
2024-05-02 03:04:07,726 - general_logger - INFO - select operation successful
2024-05-02 03:04:07,726 - general_logger - INFO - select operation successful
2024-05-02 03:04:16,707 - general_logger - INFO - update operation successful
2024-05-02 03:04:16,707 - general_logger - INFO - update operation successful
2024-05-02 03:04:16,707 - general_logger - INFO - update operation successful
2024-05-02 03:04:20,999 - general_logger - INFO - select operation successful
2024-05-02 03:04:20,999 - general_logger - INFO - select operation successful
2024-05-02 03:04:20,999 - general_logger - INFO - select operation successful
2024-05-02 03:04:20,999 - general_logger - INFO - select operation successful
2024-05-02 03:04:27,105 - general_logger - INFO - select operation successful
2024-05-02 03:04:27,105 - general_logger - INFO - select operation successful
2024-05-02 03:04:27,105 - general_logger - INFO - select operation successful
2024-05-02 03:04:27,105 - general_logger - INFO - select operation successful
2024-05-02 03:04:27,105 - general_logger - INFO - select operation successful
2024-05-02 03:04:30,715 - general_logger - INFO - select operation successful
2024-05-02 03:04:30,715 - general_logger - INFO - select operation successful
2024-05-02 03:04:30,715 - general_logger - INFO - select operation successful
2024-05-02 03:04:30,715 - general_logger - INFO - select operation successful
2024-05-02 03:04:30,715 - general_logger - INFO - select operation successful
2024-05-02 03:04:30,715 - general_logger - INFO - select operation successful
2024-05-02 03:04:40,704 - general_logger - INFO - delete operation successful
2024-05-02 03:04:40,704 - general_logger - INFO - delete operation successful
2024-05-02 03:04:40,704 - general_logger - INFO - delete operation successful
2024-05-02 03:04:40,704 - general_logger - INFO - delete operation successful
2024-05-02 03:04:40,704 - general_logger - INFO - delete operation successful
2024-05-02 03:04:40,704 - general_logger - INFO - delete operation successful
2024-05-02 03:04:40,704 - general_logger - INFO - delete operation successful
2024-05-02 03:04:45,198 - general_logger - INFO - select operation successful
2024-05-02 03:04:45,198 - general_logger - INFO - select operation successful
2024-05-02 03:04:45,198 - general_logger - INFO - select operation successful
2024-05-02 03:04:45,198 - general_logger - INFO - select operation successful
2024-05-02 03:04:45,198 - general_logger - INFO - select operation successful
2024-05-02 03:04:45,198 - general_logger - INFO - select operation successful
2024-05-02 03:04:45,198 - general_logger - INFO - select operation successful
2024-05-02 03:04:45,198 - general_logger - INFO - select operation successful
2024-05-02 03:05:02,210 - general_logger - INFO - add operation successful
2024-05-02 03:05:02,210 - general_logger - INFO - add operation successful
2024-05-02 03:05:02,210 - general_logger - INFO - add operation successful
2024-05-02 03:05:02,210 - general_logger - INFO - add operation successful
2024-05-02 03:05:02,210 - general_logger - INFO - add operation successful
2024-05-02 03:05:02,210 - general_logger - INFO - add operation successful
2024-05-02 03:05:02,210 - general_logger - INFO - add operation successful
2024-05-02 03:05:02,210 - general_logger - INFO - add operation successful
2024-05-02 03:05:02,210 - general_logger - INFO - add operation successful
2024-05-02 03:05:02,236 - general_logger - INFO - select operation successful
2024-05-02 03:05:02,236 - general_logger - INFO - select operation successful
2024-05-02 03:05:02,236 - general_logger - INFO - select operation successful
2024-05-02 03:05:02,236 - general_logger - INFO - select operation successful
2024-05-02 03:05:02,236 - general_logger - INFO - select operation successful
2024-05-02 03:05:02,236 - general_logger - INFO - select operation successful
2024-05-02 03:05:02,236 - general_logger - INFO - select operation successful
2024-05-02 03:05:02,236 - general_logger - INFO - select operation successful
2024-05-02 03:05:02,236 - general_logger - INFO - select operation successful
2024-05-02 03:05:02,236 - general_logger - INFO - select operation successful
2024-05-02 03:05:06,528 - general_logger - INFO - select operation successful
2024-05-02 03:05:06,528 - general_logger - INFO - select operation successful
2024-05-02 03:05:06,528 - general_logger - INFO - select operation successful
2024-05-02 03:05:06,528 - general_logger - INFO - select operation successful
2024-05-02 03:05:06,528 - general_logger - INFO - select operation successful
2024-05-02 03:05:06,528 - general_logger - INFO - select operation successful
2024-05-02 03:05:06,528 - general_logger - INFO - select operation successful
2024-05-02 03:05:06,528 - general_logger - INFO - select operation successful
2024-05-02 03:05:06,528 - general_logger - INFO - select operation successful
2024-05-02 03:05:06,528 - general_logger - INFO - select operation successful
2024-05-02 03:05:06,528 - general_logger - INFO - select operation successful
2024-05-02 03:05:19,269 - general_logger - INFO - select operation successful
2024-05-02 03:05:19,269 - general_logger - INFO - select operation successful
2024-05-02 03:05:19,269 - general_logger - INFO - select operation successful
2024-05-02 03:05:19,269 - general_logger - INFO - select operation successful
2024-05-02 03:05:19,269 - general_logger - INFO - select operation successful
2024-05-02 03:05:19,269 - general_logger - INFO - select operation successful
2024-05-02 03:05:19,269 - general_logger - INFO - select operation successful
2024-05-02 03:05:19,269 - general_logger - INFO - select operation successful
2024-05-02 03:05:19,269 - general_logger - INFO - select operation successful
2024-05-02 03:05:19,269 - general_logger - INFO - select operation successful
2024-05-02 03:05:19,269 - general_logger - INFO - select operation successful
2024-05-02 03:05:19,269 - general_logger - INFO - select operation successful
2024-05-02 03:06:58,999 - general_logger - INFO - select operation successful
2024-05-02 03:06:58,999 - general_logger - INFO - select operation successful
2024-05-02 03:07:14,247 - general_logger - INFO - update operation successful
2024-05-02 03:07:14,247 - general_logger - INFO - update operation successful
2024-05-02 03:07:14,247 - general_logger - INFO - update operation successful
2024-05-02 03:07:17,394 - general_logger - INFO - select operation successful
2024-05-02 03:07:17,394 - general_logger - INFO - select operation successful
2024-05-02 03:07:17,394 - general_logger - INFO - select operation successful
2024-05-02 03:07:17,394 - general_logger - INFO - select operation successful
2024-05-02 03:07:25,673 - general_logger - INFO - select operation successful
2024-05-02 03:07:25,673 - general_logger - INFO - select operation successful
2024-05-02 03:07:25,673 - general_logger - INFO - select operation successful
2024-05-02 03:07:25,673 - general_logger - INFO - select operation successful
2024-05-02 03:07:25,673 - general_logger - INFO - select operation successful
2024-05-02 03:20:11,868 - general_logger - INFO - select operation successful on SELECT id, username, email, age FROM users with params None
2024-05-02 03:20:11,868 - general_logger - INFO - select operation successful on SELECT id, username, email, age FROM users with params None
2024-05-02 03:20:11,868 - general_logger - INFO - select operation successful on SELECT id, username, email, age FROM users with params None
2024-05-02 03:20:25,928 - general_logger - INFO - select operation successful on SELECT id, username, email, age FROM users WHERE username LIKE %s with params ('%l%',)
2024-05-02 03:20:25,928 - general_logger - INFO - select operation successful on SELECT id, username, email, age FROM users WHERE username LIKE %s with params ('%l%',)
2024-05-02 03:20:25,928 - general_logger - INFO - select operation successful on SELECT id, username, email, age FROM users WHERE username LIKE %s with params ('%l%',)
2024-05-02 03:20:25,928 - general_logger - INFO - select operation successful on SELECT id, username, email, age FROM users WHERE username LIKE %s with params ('%l%',)
2024-05-02 03:21:10,641 - general_logger - INFO - add operation successful on INSERT INTO users (username, email, age, password) VALUES (%s, %s, %s, %s) with params ('teoman', 'teoman@gmail.com', '23', '$2b$15$eQqfoxQjulrVOYqtI8YPJuxpsPwA1GfIDbRM5xidS7b.qJ/fCVlki')
2024-05-02 03:21:10,641 - general_logger - INFO - add operation successful on INSERT INTO users (username, email, age, password) VALUES (%s, %s, %s, %s) with params ('teoman', 'teoman@gmail.com', '23', '$2b$15$eQqfoxQjulrVOYqtI8YPJuxpsPwA1GfIDbRM5xidS7b.qJ/fCVlki')
2024-05-02 03:21:10,641 - general_logger - INFO - add operation successful on INSERT INTO users (username, email, age, password) VALUES (%s, %s, %s, %s) with params ('teoman', 'teoman@gmail.com', '23', '$2b$15$eQqfoxQjulrVOYqtI8YPJuxpsPwA1GfIDbRM5xidS7b.qJ/fCVlki')
2024-05-02 03:21:10,641 - general_logger - INFO - add operation successful on INSERT INTO users (username, email, age, password) VALUES (%s, %s, %s, %s) with params ('teoman', 'teoman@gmail.com', '23', '$2b$15$eQqfoxQjulrVOYqtI8YPJuxpsPwA1GfIDbRM5xidS7b.qJ/fCVlki')
2024-05-02 03:21:10,641 - general_logger - INFO - add operation successful on INSERT INTO users (username, email, age, password) VALUES (%s, %s, %s, %s) with params ('teoman', 'teoman@gmail.com', '23', '$2b$15$eQqfoxQjulrVOYqtI8YPJuxpsPwA1GfIDbRM5xidS7b.qJ/fCVlki')
2024-05-02 03:21:10,641 - general_logger - INFO - add operation successful on INSERT INTO users (username, email, age, password) VALUES (%s, %s, %s, %s) with params ('teoman', 'teoman@gmail.com', '23', '$2b$15$eQqfoxQjulrVOYqtI8YPJuxpsPwA1GfIDbRM5xidS7b.qJ/fCVlki')
2024-05-02 03:21:10,653 - general_logger - INFO - select operation successful on SELECT id, username, email, age FROM users with params None
2024-05-02 03:21:10,653 - general_logger - INFO - select operation successful on SELECT id, username, email, age FROM users with params None
2024-05-02 03:21:10,653 - general_logger - INFO - select operation successful on SELECT id, username, email, age FROM users with params None
2024-05-02 03:21:10,653 - general_logger - INFO - select operation successful on SELECT id, username, email, age FROM users with params None
2024-05-02 03:21:10,653 - general_logger - INFO - select operation successful on SELECT id, username, email, age FROM users with params None
2024-05-02 03:21:10,653 - general_logger - INFO - select operation successful on SELECT id, username, email, age FROM users with params None
2024-05-02 03:21:10,653 - general_logger - INFO - select operation successful on SELECT id, username, email, age FROM users with params None
2024-05-02 03:21:24,290 - general_logger - INFO - select operation successful on SELECT id, username, email, age FROM users with params None
2024-05-02 03:21:24,290 - general_logger - INFO - select operation successful on SELECT id, username, email, age FROM users with params None
2024-05-02 03:21:24,290 - general_logger - INFO - select operation successful on SELECT id, username, email, age FROM users with params None
2024-05-02 03:21:24,290 - general_logger - INFO - select operation successful on SELECT id, username, email, age FROM users with params None
2024-05-02 03:21:24,290 - general_logger - INFO - select operation successful on SELECT id, username, email, age FROM users with params None
2024-05-02 03:21:24,290 - general_logger - INFO - select operation successful on SELECT id, username, email, age FROM users with params None
2024-05-02 03:21:24,290 - general_logger - INFO - select operation successful on SELECT id, username, email, age FROM users with params None
2024-05-02 03:21:24,290 - general_logger - INFO - select operation successful on SELECT id, username, email, age FROM users with params None
2024-05-02 03:23:28,100 - general_logger - INFO - select operation successful on SELECT id, username, email, age FROM users with params None
2024-05-02 03:23:28,100 - general_logger - INFO - select operation successful on SELECT id, username, email, age FROM users with params None
2024-05-02 03:23:28,100 - general_logger - INFO - select operation successful on SELECT id, username, email, age FROM users with params None
2024-05-02 09:54:38,048 - general_logger - INFO - select operation successful on SELECT id, username, email, age FROM users with params None
2024-05-02 09:54:38,048 - general_logger - INFO - select operation successful on SELECT id, username, email, age FROM users with params None
2024-05-02 09:54:38,048 - general_logger - INFO - select operation successful on SELECT id, username, email, age FROM users with params None
2024-05-02 09:54:57,610 - general_logger - INFO - select operation successful on SELECT id, username, email, age FROM users with params None
2024-05-02 09:54:57,610 - general_logger - INFO - select operation successful on SELECT id, username, email, age FROM users with params None
2024-05-02 09:54:57,610 - general_logger - INFO - select operation successful on SELECT id, username, email, age FROM users with params None
2024-05-02 09:54:57,610 - general_logger - INFO - select operation successful on SELECT id, username, email, age FROM users with params None
2024-05-02 10:03:03,659 - general_logger - INFO - select operation successful on SELECT id, username, email, age FROM users with params None
2024-05-02 10:03:03,659 - general_logger - INFO - select operation successful on SELECT id, username, email, age FROM users with params None
2024-05-02 10:03:03,659 - general_logger - INFO - select operation successful on SELECT id, username, email, age FROM users with params None
2024-05-02 10:03:37,237 - general_logger - INFO - select operation successful on SELECT id, username, email, age FROM users with params None
2024-05-02 10:03:37,237 - general_logger - INFO - select operation successful on SELECT id, username, email, age FROM users with params None
2024-05-02 10:03:37,237 - general_logger - INFO - select operation successful on SELECT id, username, email, age FROM users with params None
2024-05-02 10:11:42,305 - general_logger - INFO - select operation successful on SELECT id, username, email, age FROM users with params None
2024-05-02 10:11:42,305 - general_logger - INFO - select operation successful on SELECT id, username, email, age FROM users with params None
2024-05-02 10:11:42,305 - general_logger - INFO - select operation successful on SELECT id, username, email, age FROM users with params None
2024-05-02 10:12:32,601 - general_logger - INFO - select operation successful on SELECT id, username, email, age FROM users with params None
2024-05-02 10:12:32,601 - general_logger - INFO - select operation successful on SELECT id, username, email, age FROM users with params None
2024-05-02 10:12:32,601 - general_logger - INFO - select operation successful on SELECT id, username, email, age FROM users with params None
2024-05-02 10:12:33,239 - general_logger - INFO - select operation successful on SELECT id, username, email, age FROM users with params None
2024-05-02 10:12:33,239 - general_logger - INFO - select operation successful on SELECT id, username, email, age FROM users with params None
2024-05-02 10:12:33,239 - general_logger - INFO - select operation successful on SELECT id, username, email, age FROM users with params None
2024-05-02 10:12:33,239 - general_logger - INFO - select operation successful on SELECT id, username, email, age FROM users with params None
2024-05-02 10:12:33,389 - general_logger - INFO - select operation successful on SELECT id, username, email, age FROM users with params None
2024-05-02 10:12:33,389 - general_logger - INFO - select operation successful on SELECT id, username, email, age FROM users with params None
2024-05-02 10:12:33,389 - general_logger - INFO - select operation successful on SELECT id, username, email, age FROM users with params None
2024-05-02 10:12:33,389 - general_logger - INFO - select operation successful on SELECT id, username, email, age FROM users with params None
2024-05-02 10:12:33,389 - general_logger - INFO - select operation successful on SELECT id, username, email, age FROM users with params None
2024-05-02 10:16:34,602 - general_logger - INFO - select operation successful on SELECT id, username, email, age FROM users with params None
2024-05-02 10:16:34,602 - general_logger - INFO - select operation successful on SELECT id, username, email, age FROM users with params None
2024-05-02 10:16:34,602 - general_logger - INFO - select operation successful on SELECT id, username, email, age FROM users with params None
2024-05-02 10:16:35,375 - general_logger - INFO - select operation successful on SELECT id, username, email, age FROM users with params None
2024-05-02 10:16:35,375 - general_logger - INFO - select operation successful on SELECT id, username, email, age FROM users with params None
2024-05-02 10:16:35,375 - general_logger - INFO - select operation successful on SELECT id, username, email, age FROM users with params None
2024-05-02 10:16:35,375 - general_logger - INFO - select operation successful on SELECT id, username, email, age FROM users with params None
2024-05-02 10:16:50,725 - general_logger - INFO - select operation successful on SELECT id, username, email, age FROM users with params None
2024-05-02 10:16:50,725 - general_logger - INFO - select operation successful on SELECT id, username, email, age FROM users with params None
2024-05-02 10:16:50,725 - general_logger - INFO - select operation successful on SELECT id, username, email, age FROM users with params None
2024-05-02 10:16:50,725 - general_logger - INFO - select operation successful on SELECT id, username, email, age FROM users with params None
2024-05-02 10:16:50,725 - general_logger - INFO - select operation successful on SELECT id, username, email, age FROM users with params None
2024-05-02 10:16:55,439 - general_logger - INFO - update operation successful on UPDATE users SET age = %s WHERE id = %s with params ('23', 9)
2024-05-02 10:16:55,439 - general_logger - INFO - update operation successful on UPDATE users SET age = %s WHERE id = %s with params ('23', 9)
2024-05-02 10:16:55,439 - general_logger - INFO - update operation successful on UPDATE users SET age = %s WHERE id = %s with params ('23', 9)
2024-05-02 10:16:55,439 - general_logger - INFO - update operation successful on UPDATE users SET age = %s WHERE id = %s with params ('23', 9)
2024-05-02 10:16:55,439 - general_logger - INFO - update operation successful on UPDATE users SET age = %s WHERE id = %s with params ('23', 9)
2024-05-02 10:16:55,439 - general_logger - INFO - update operation successful on UPDATE users SET age = %s WHERE id = %s with params ('23', 9)
2024-05-02 10:16:58,569 - general_logger - INFO - select operation successful on SELECT id, username, email, age FROM users with params None
2024-05-02 10:16:58,569 - general_logger - INFO - select operation successful on SELECT id, username, email, age FROM users with params None
2024-05-02 10:16:58,569 - general_logger - INFO - select operation successful on SELECT id, username, email, age FROM users with params None
2024-05-02 10:16:58,569 - general_logger - INFO - select operation successful on SELECT id, username, email, age FROM users with params None
2024-05-02 10:16:58,569 - general_logger - INFO - select operation successful on SELECT id, username, email, age FROM users with params None
2024-05-02 10:16:58,569 - general_logger - INFO - select operation successful on SELECT id, username, email, age FROM users with params None
2024-05-02 10:16:58,569 - general_logger - INFO - select operation successful on SELECT id, username, email, age FROM users with params None
2024-05-02 10:30:16,288 - general_logger - INFO - select operation successful on SELECT id, username, email, age FROM users with params None
2024-05-02 10:30:16,288 - general_logger - INFO - select operation successful on SELECT id, username, email, age FROM users with params None
2024-05-02 10:30:16,288 - general_logger - INFO - select operation successful on SELECT id, username, email, age FROM users with params None
2024-05-02 10:30:30,085 - general_logger - INFO - update operation successful on UPDATE users SET age = %s WHERE id = %s with params ('22', 15)
2024-05-02 10:30:30,085 - general_logger - INFO - update operation successful on UPDATE users SET age = %s WHERE id = %s with params ('22', 15)
2024-05-02 10:30:30,085 - general_logger - INFO - update operation successful on UPDATE users SET age = %s WHERE id = %s with params ('22', 15)
2024-05-02 10:30:30,085 - general_logger - INFO - update operation successful on UPDATE users SET age = %s WHERE id = %s with params ('22', 15)
2024-05-02 10:30:32,921 - general_logger - INFO - select operation successful on SELECT id, username, email, age FROM users with params None
2024-05-02 10:30:32,921 - general_logger - INFO - select operation successful on SELECT id, username, email, age FROM users with params None
2024-05-02 10:30:32,921 - general_logger - INFO - select operation successful on SELECT id, username, email, age FROM users with params None
2024-05-02 10:30:32,921 - general_logger - INFO - select operation successful on SELECT id, username, email, age FROM users with params None
2024-05-02 10:30:32,921 - general_logger - INFO - select operation successful on SELECT id, username, email, age FROM users with params None
2024-05-02 10:35:25,892 - general_logger - INFO - operation successful on SELECT id, username, email, age FROM users with params None
2024-05-02 10:35:25,892 - general_logger - INFO - operation successful on SELECT id, username, email, age FROM users with params None
2024-05-02 10:35:25,892 - general_logger - INFO - operation successful on SELECT id, username, email, age FROM users with params None
2024-05-02 10:35:44,813 - general_logger - INFO - operation successful on SELECT id, username, email, age FROM users with params None
2024-05-02 10:35:44,813 - general_logger - INFO - operation successful on SELECT id, username, email, age FROM users with params None
2024-05-02 10:35:44,813 - general_logger - INFO - operation successful on SELECT id, username, email, age FROM users with params None
2024-05-02 10:35:44,813 - general_logger - INFO - operation successful on SELECT id, username, email, age FROM users with params None
2024-05-02 10:35:50,940 - general_logger - INFO - operation successful on UPDATE users SET age = %s WHERE id = %s with params ('22', 6)
2024-05-02 10:35:50,940 - general_logger - INFO - operation successful on UPDATE users SET age = %s WHERE id = %s with params ('22', 6)
2024-05-02 10:35:50,940 - general_logger - INFO - operation successful on UPDATE users SET age = %s WHERE id = %s with params ('22', 6)
2024-05-02 10:35:50,940 - general_logger - INFO - operation successful on UPDATE users SET age = %s WHERE id = %s with params ('22', 6)
2024-05-02 10:35:50,940 - general_logger - INFO - operation successful on UPDATE users SET age = %s WHERE id = %s with params ('22', 6)
2024-05-02 10:35:53,728 - general_logger - INFO - operation successful on SELECT id, username, email, age FROM users with params None
2024-05-02 10:35:53,728 - general_logger - INFO - operation successful on SELECT id, username, email, age FROM users with params None
2024-05-02 10:35:53,728 - general_logger - INFO - operation successful on SELECT id, username, email, age FROM users with params None
2024-05-02 10:35:53,728 - general_logger - INFO - operation successful on SELECT id, username, email, age FROM users with params None
2024-05-02 10:35:53,728 - general_logger - INFO - operation successful on SELECT id, username, email, age FROM users with params None
2024-05-02 10:35:53,728 - general_logger - INFO - operation successful on SELECT id, username, email, age FROM users with params None
2024-05-02 11:24:02,342 - general_logger - INFO - operation successful on SELECT id, username, email, age FROM users with params None
2024-05-02 11:24:02,342 - general_logger - INFO - operation successful on SELECT id, username, email, age FROM users with params None
2024-05-02 11:24:02,342 - general_logger - INFO - operation successful on SELECT id, username, email, age FROM users with params None
2024-05-02 11:24:22,606 - general_logger - INFO - operation successful on SELECT id, username, email, age FROM users with params None
2024-05-02 11:24:22,606 - general_logger - INFO - operation successful on SELECT id, username, email, age FROM users with params None
2024-05-02 11:24:22,606 - general_logger - INFO - operation successful on SELECT id, username, email, age FROM users with params None
2024-05-02 11:24:22,606 - general_logger - INFO - operation successful on SELECT id, username, email, age FROM users with params None
2024-05-02 11:24:27,188 - general_logger - INFO - operation successful on UPDATE users SET age = %s WHERE id = %s with params ('23', 6)
2024-05-02 11:24:27,188 - general_logger - INFO - operation successful on UPDATE users SET age = %s WHERE id = %s with params ('23', 6)
2024-05-02 11:24:27,188 - general_logger - INFO - operation successful on UPDATE users SET age = %s WHERE id = %s with params ('23', 6)
2024-05-02 11:24:27,188 - general_logger - INFO - operation successful on UPDATE users SET age = %s WHERE id = %s with params ('23', 6)
2024-05-02 11:24:27,188 - general_logger - INFO - operation successful on UPDATE users SET age = %s WHERE id = %s with params ('23', 6)
2024-05-02 11:24:30,096 - general_logger - INFO - operation successful on SELECT id, username, email, age FROM users with params None
2024-05-02 11:24:30,096 - general_logger - INFO - operation successful on SELECT id, username, email, age FROM users with params None
2024-05-02 11:24:30,096 - general_logger - INFO - operation successful on SELECT id, username, email, age FROM users with params None
2024-05-02 11:24:30,096 - general_logger - INFO - operation successful on SELECT id, username, email, age FROM users with params None
2024-05-02 11:24:30,096 - general_logger - INFO - operation successful on SELECT id, username, email, age FROM users with params None
2024-05-02 11:24:30,096 - general_logger - INFO - operation successful on SELECT id, username, email, age FROM users with params None
2024-05-02 17:28:07,700 - general_logger - INFO - operation successful on SELECT id, username, email, age FROM users with params None
2024-05-02 17:28:07,700 - general_logger - INFO - operation successful on SELECT id, username, email, age FROM users with params None
2024-05-02 17:28:07,700 - general_logger - INFO - operation successful on SELECT id, username, email, age FROM users with params None
2024-05-02 17:28:27,198 - general_logger - INFO - operation successful on SELECT id, username, email, age FROM users with params None
2024-05-02 17:28:27,198 - general_logger - INFO - operation successful on SELECT id, username, email, age FROM users with params None
2024-05-02 17:28:27,198 - general_logger - INFO - operation successful on SELECT id, username, email, age FROM users with params None
2024-05-02 17:28:27,198 - general_logger - INFO - operation successful on SELECT id, username, email, age FROM users with params None
2024-05-02 17:31:10,909 - general_logger - INFO - operation successful on SELECT id, username, email, age FROM users with params None
2024-05-02 17:31:10,909 - general_logger - INFO - operation successful on SELECT id, username, email, age FROM users with params None
2024-05-02 17:31:10,909 - general_logger - INFO - operation successful on SELECT id, username, email, age FROM users with params None
2024-05-02 17:31:11,649 - general_logger - INFO - operation successful on SELECT id, username, email, age FROM users with params None
2024-05-02 17:31:11,649 - general_logger - INFO - operation successful on SELECT id, username, email, age FROM users with params None
2024-05-02 17:31:11,649 - general_logger - INFO - operation successful on SELECT id, username, email, age FROM users with params None
2024-05-02 17:31:11,649 - general_logger - INFO - operation successful on SELECT id, username, email, age FROM users with params None
2024-05-02 17:31:19,591 - general_logger - INFO - operation successful on UPDATE users SET age = %s WHERE id = %s with params ('15', 14)
2024-05-02 17:31:19,591 - general_logger - INFO - operation successful on UPDATE users SET age = %s WHERE id = %s with params ('15', 14)
2024-05-02 17:31:19,591 - general_logger - INFO - operation successful on UPDATE users SET age = %s WHERE id = %s with params ('15', 14)
2024-05-02 17:31:19,591 - general_logger - INFO - operation successful on UPDATE users SET age = %s WHERE id = %s with params ('15', 14)
2024-05-02 17:31:19,591 - general_logger - INFO - operation successful on UPDATE users SET age = %s WHERE id = %s with params ('15', 14)
2024-05-02 17:31:23,314 - general_logger - INFO - operation successful on SELECT id, username, email, age FROM users with params None
2024-05-02 17:31:23,314 - general_logger - INFO - operation successful on SELECT id, username, email, age FROM users with params None
2024-05-02 17:31:23,314 - general_logger - INFO - operation successful on SELECT id, username, email, age FROM users with params None
2024-05-02 17:31:23,314 - general_logger - INFO - operation successful on SELECT id, username, email, age FROM users with params None
2024-05-02 17:31:23,314 - general_logger - INFO - operation successful on SELECT id, username, email, age FROM users with params None
2024-05-02 17:31:23,314 - general_logger - INFO - operation successful on SELECT id, username, email, age FROM users with params None
2024-05-06 08:44:35,719 - general_logger - INFO - operation successful on SELECT id, username, email, age FROM users with params None
2024-05-06 08:44:35,719 - general_logger - INFO - operation successful on SELECT id, username, email, age FROM users with params None
2024-05-06 08:44:35,719 - general_logger - INFO - operation successful on SELECT id, username, email, age FROM users with params None
2024-05-06 08:45:05,642 - general_logger - INFO - operation successful on SELECT id, username, email, age FROM users with params None
2024-05-06 08:45:05,642 - general_logger - INFO - operation successful on SELECT id, username, email, age FROM users with params None
2024-05-06 08:45:05,642 - general_logger - INFO - operation successful on SELECT id, username, email, age FROM users with params None
2024-05-06 08:45:05,642 - general_logger - INFO - operation successful on SELECT id, username, email, age FROM users with params None
2024-05-06 08:45:13,026 - general_logger - INFO - operation successful on UPDATE users SET age = %s WHERE id = %s with params ('26', 9)
2024-05-06 08:45:13,026 - general_logger - INFO - operation successful on UPDATE users SET age = %s WHERE id = %s with params ('26', 9)
2024-05-06 08:45:13,026 - general_logger - INFO - operation successful on UPDATE users SET age = %s WHERE id = %s with params ('26', 9)
2024-05-06 08:45:13,026 - general_logger - INFO - operation successful on UPDATE users SET age = %s WHERE id = %s with params ('26', 9)
2024-05-06 08:45:13,026 - general_logger - INFO - operation successful on UPDATE users SET age = %s WHERE id = %s with params ('26', 9)
2024-05-06 08:45:16,778 - general_logger - INFO - operation successful on SELECT id, username, email, age FROM users with params None
2024-05-06 08:45:16,778 - general_logger - INFO - operation successful on SELECT id, username, email, age FROM users with params None
2024-05-06 08:45:16,778 - general_logger - INFO - operation successful on SELECT id, username, email, age FROM users with params None
2024-05-06 08:45:16,778 - general_logger - INFO - operation successful on SELECT id, username, email, age FROM users with params None
2024-05-06 08:45:16,778 - general_logger - INFO - operation successful on SELECT id, username, email, age FROM users with params None
2024-05-06 08:45:16,778 - general_logger - INFO - operation successful on SELECT id, username, email, age FROM users with params None
2024-05-06 13:25:11,253 - general_logger - INFO - operation successful on SELECT id, username, email, age FROM users with params None
2024-05-06 13:25:11,253 - general_logger - INFO - operation successful on SELECT id, username, email, age FROM users with params None
2024-05-06 13:25:55,543 - general_logger - INFO - operation successful on SELECT id, username, email, age FROM users with params None
2024-05-06 13:25:55,543 - general_logger - INFO - operation successful on SELECT id, username, email, age FROM users with params None
2024-05-06 13:26:56,792 - general_logger - INFO - operation successful on SELECT id, username, email, age FROM users with params None
2024-05-06 13:26:56,792 - general_logger - INFO - operation successful on SELECT id, username, email, age FROM users with params None
2024-05-06 13:27:02,045 - general_logger - INFO - operation successful on UPDATE users SET age = %s WHERE id = %s with params ('20', 1)
2024-05-06 13:27:02,045 - general_logger - INFO - operation successful on UPDATE users SET age = %s WHERE id = %s with params ('20', 1)
2024-05-06 13:27:04,732 - general_logger - INFO - operation successful on SELECT id, username, email, age FROM users with params None
2024-05-06 13:27:04,732 - general_logger - INFO - operation successful on SELECT id, username, email, age FROM users with params None
2024-05-06 13:28:29,721 - general_logger - INFO - operation successful on SELECT id, username, email, age FROM users with params None
2024-05-06 13:28:29,721 - general_logger - INFO - operation successful on SELECT id, username, email, age FROM users with params None
2024-05-06 13:28:35,450 - general_logger - INFO - operation successful on DELETE FROM users WHERE id = %s with params ('15',)
2024-05-06 13:28:35,450 - general_logger - INFO - operation successful on DELETE FROM users WHERE id = %s with params ('15',)
2024-05-06 13:28:36,352 - general_logger - INFO - operation successful on SELECT id, username, email, age FROM users with params None
2024-05-06 13:28:36,352 - general_logger - INFO - operation successful on SELECT id, username, email, age FROM users with params None
2024-05-06 13:28:42,054 - general_logger - INFO - operation successful on SELECT id, username, email, age FROM users with params None
2024-05-06 13:28:42,054 - general_logger - INFO - operation successful on SELECT id, username, email, age FROM users with params None
2024-05-06 13:28:55,209 - general_logger - INFO - operation successful on DELETE FROM users WHERE id = %s with params ('9',)
2024-05-06 13:28:55,209 - general_logger - INFO - operation successful on DELETE FROM users WHERE id = %s with params ('9',)
2024-05-06 13:28:59,082 - general_logger - INFO - operation successful on SELECT id, username, email, age FROM users with params None
2024-05-06 13:28:59,082 - general_logger - INFO - operation successful on SELECT id, username, email, age FROM users with params None
2024-05-06 13:29:07,058 - general_logger - INFO - operation successful on SELECT id, username, email, age FROM users WHERE username LIKE %s with params ('%sel%',)
2024-05-06 13:29:07,058 - general_logger - INFO - operation successful on SELECT id, username, email, age FROM users WHERE username LIKE %s with params ('%sel%',)
2024-05-06 13:29:09,990 - general_logger - INFO - operation successful on SELECT id, username, email, age FROM users WHERE username LIKE %s with params ('%al%',)
2024-05-06 13:29:09,990 - general_logger - INFO - operation successful on SELECT id, username, email, age FROM users WHERE username LIKE %s with params ('%al%',)
2024-05-06 13:44:29,056 - general_logger - INFO - operation successful on SELECT id, username, email, age FROM users with params None
2024-05-06 13:44:29,056 - general_logger - INFO - operation successful on SELECT id, username, email, age FROM users with params None
2024-05-06 13:58:30,666 - general_logger - INFO - operation successful on INSERT INTO users (username, email, age, password) VALUES (%s, %s, %s, %s) with params ('ozge', 'ozge@gmail.com', '25', '$2b$15$EuyYCGKaiEZDPJNFaMZoiOPR1a8g1nW1jdQqUH0i0EFIUx29ovkK6')
2024-05-06 13:58:30,666 - general_logger - INFO - operation successful on INSERT INTO users (username, email, age, password) VALUES (%s, %s, %s, %s) with params ('ozge', 'ozge@gmail.com', '25', '$2b$15$EuyYCGKaiEZDPJNFaMZoiOPR1a8g1nW1jdQqUH0i0EFIUx29ovkK6')
2024-05-06 13:58:30,681 - general_logger - INFO - operation successful on SELECT  FROM users with params None
2024-05-06 13:58:30,681 - general_logger - INFO - operation successful on SELECT  FROM users with params None
2024-05-06 13:58:37,793 - general_logger - INFO - operation successful on SELECT  FROM users with params None
2024-05-06 13:58:37,793 - general_logger - INFO - operation successful on SELECT  FROM users with params None
2024-05-06 13:58:48,689 - general_logger - INFO - operation successful on SELECT  FROM users with params None
2024-05-06 13:58:48,689 - general_logger - INFO - operation successful on SELECT  FROM users with params None
2024-05-06 13:59:59,199 - general_logger - INFO - operation successful on SELECT id, username, email, age FROM users with params None
2024-05-06 13:59:59,199 - general_logger - INFO - operation successful on SELECT id, username, email, age FROM users with params None
2024-05-06 14:00:07,843 - general_logger - INFO - operation successful on UPDATE users SET age = %s WHERE id = %s with params ('28', 16)
2024-05-06 14:00:07,843 - general_logger - INFO - operation successful on UPDATE users SET age = %s WHERE id = %s with params ('28', 16)
2024-05-06 14:00:10,937 - general_logger - INFO - operation successful on SELECT id, username, email, age FROM users with params None
2024-05-06 14:00:10,937 - general_logger - INFO - operation successful on SELECT id, username, email, age FROM users with params None
2024-05-06 14:57:49,647 - general_logger - INFO - operation successful on SELECT * FROM users with params None
2024-05-06 14:57:49,647 - general_logger - INFO - operation successful on SELECT * FROM users with params None
2024-05-06 15:06:21,670 - general_logger - INFO - operation successful on SELECT  FROM users with params None
2024-05-06 15:06:21,670 - general_logger - INFO - operation successful on SELECT  FROM users with params None
2024-05-06 15:08:06,702 - general_logger - INFO - operation successful on SELECT  FROM users with params None
2024-05-06 15:08:06,702 - general_logger - INFO - operation successful on SELECT  FROM users with params None
2024-05-06 15:08:29,579 - general_logger - INFO - operation successful on SELECT  FROM users with params None
2024-05-06 15:08:29,579 - general_logger - INFO - operation successful on SELECT  FROM users with params None
2024-05-06 15:09:10,815 - general_logger - INFO - operation successful on SELECT  FROM users with params None
2024-05-06 15:09:10,815 - general_logger - INFO - operation successful on SELECT  FROM users with params None
2024-05-06 15:10:08,310 - general_logger - INFO - operation successful on SELECT  FROM users with params None
2024-05-06 15:10:08,310 - general_logger - INFO - operation successful on SELECT  FROM users with params None
2024-05-06 15:10:11,473 - general_logger - INFO - operation successful on SELECT  FROM users with params None
2024-05-06 15:10:11,473 - general_logger - INFO - operation successful on SELECT  FROM users with params None
2024-05-06 15:11:21,562 - general_logger - INFO - operation successful on SELECT username, email, age FROM users with params None
2024-05-06 15:11:21,562 - general_logger - INFO - operation successful on SELECT username, email, age FROM users with params None
2024-05-06 15:11:30,598 - general_logger - INFO - operation successful on SELECT username, email, age FROM users with params None
2024-05-06 15:11:30,598 - general_logger - INFO - operation successful on SELECT username, email, age FROM users with params None
2024-05-06 15:11:39,567 - general_logger - INFO - operation successful on SELECT username, email, age FROM users with params None
2024-05-06 15:11:39,567 - general_logger - INFO - operation successful on SELECT username, email, age FROM users with params None
2024-05-06 15:12:35,964 - general_logger - INFO - operation successful on INSERT INTO users (username, email, age, password) VALUES (%s, %s, %s, %s) with params ('ege', 'ege@gmail.com', '22', '$2b$15$Uu2KP.Zkyi0N26FgOEcOUeK.Lh68tlVaFnsL01AtZfxHHQjI7I4nW')
2024-05-06 15:12:35,964 - general_logger - INFO - operation successful on INSERT INTO users (username, email, age, password) VALUES (%s, %s, %s, %s) with params ('ege', 'ege@gmail.com', '22', '$2b$15$Uu2KP.Zkyi0N26FgOEcOUeK.Lh68tlVaFnsL01AtZfxHHQjI7I4nW')
2024-05-06 15:12:35,976 - general_logger - INFO - operation successful on SELECT username, email, age FROM users with params None
2024-05-06 15:12:35,976 - general_logger - INFO - operation successful on SELECT username, email, age FROM users with params None
2024-05-06 15:12:45,354 - general_logger - INFO - operation successful on SELECT username, email, age FROM users with params None
2024-05-06 15:12:45,354 - general_logger - INFO - operation successful on SELECT username, email, age FROM users with params None
2024-05-06 15:22:38,686 - general_logger - INFO - operation successful on SELECT username, email, age FROM users with params None
2024-05-06 15:22:38,686 - general_logger - INFO - operation successful on SELECT username, email, age FROM users with params None
2024-05-06 15:37:38,810 - general_logger - INFO - operation successful on SELECT username, email, age FROM users with params None
2024-05-06 15:37:38,810 - general_logger - INFO - operation successful on SELECT username, email, age FROM users with params None
2024-05-06 15:38:46,218 - general_logger - INFO - operation successful on SELECT username, email, age FROM users with params None
2024-05-06 15:38:46,218 - general_logger - INFO - operation successful on SELECT username, email, age FROM users with params None
2024-05-06 15:38:46,808 - general_logger - INFO - operation successful on SELECT username, email, age FROM users with params None
2024-05-06 15:38:46,808 - general_logger - INFO - operation successful on SELECT username, email, age FROM users with params None
2024-05-06 15:42:24,093 - general_logger - INFO - operation successful on SELECT username, email, age FROM users WHERE username LIKE %s with params ('%al%',)
2024-05-06 15:42:24,093 - general_logger - INFO - operation successful on SELECT username, email, age FROM users WHERE username LIKE %s with params ('%al%',)
2024-05-06 15:42:57,258 - general_logger - INFO - operation successful on SELECT id, username, email, age FROM users with params None
2024-05-06 15:42:57,258 - general_logger - INFO - operation successful on SELECT id, username, email, age FROM users with params None
2024-05-06 15:43:23,028 - general_logger - INFO - operation successful on INSERT INTO users (username, email, age, password) VALUES (%s, %s, %s, %s) with params ('bo', 'bo@gmail.com', '22', '$2b$15$MdZEq04rw8skZVZlHzAX4OrFH6zxrRn9KQotohEklgtu446fMZdH2')
2024-05-06 15:43:23,028 - general_logger - INFO - operation successful on INSERT INTO users (username, email, age, password) VALUES (%s, %s, %s, %s) with params ('bo', 'bo@gmail.com', '22', '$2b$15$MdZEq04rw8skZVZlHzAX4OrFH6zxrRn9KQotohEklgtu446fMZdH2')
2024-05-06 15:43:23,050 - general_logger - INFO - operation successful on SELECT id, username, email, age FROM users with params None
2024-05-06 15:43:23,050 - general_logger - INFO - operation successful on SELECT id, username, email, age FROM users with params None
2024-05-06 15:43:32,592 - general_logger - INFO - operation successful on SELECT id, username, email, age FROM users with params None
2024-05-06 15:43:32,592 - general_logger - INFO - operation successful on SELECT id, username, email, age FROM users with params None
2024-05-06 15:43:39,175 - general_logger - INFO - operation successful on DELETE FROM users WHERE id = %s with params ('20',)
2024-05-06 15:43:39,175 - general_logger - INFO - operation successful on DELETE FROM users WHERE id = %s with params ('20',)
2024-05-06 15:43:40,541 - general_logger - INFO - operation successful on SELECT id, username, email, age FROM users with params None
2024-05-06 15:43:40,541 - general_logger - INFO - operation successful on SELECT id, username, email, age FROM users with params None
2024-05-06 15:45:02,017 - general_logger - INFO - operation successful on SELECT id, username, email, age FROM users with params None
2024-05-06 15:45:02,017 - general_logger - INFO - operation successful on SELECT id, username, email, age FROM users with params None
2024-05-06 15:45:17,165 - general_logger - INFO - operation successful on INSERT INTO users (username, email, age, password) VALUES (%s, %s, %s, %s) with params ('bo', 'bo@gmail.com', '22', '$2b$15$70mw26K9WilKmOZhFFN6Xu0OT3Kob3TGR5PdGPlrFPBijdqcKc/cK')
2024-05-06 15:45:17,165 - general_logger - INFO - operation successful on INSERT INTO users (username, email, age, password) VALUES (%s, %s, %s, %s) with params ('bo', 'bo@gmail.com', '22', '$2b$15$70mw26K9WilKmOZhFFN6Xu0OT3Kob3TGR5PdGPlrFPBijdqcKc/cK')
2024-05-06 15:45:17,199 - general_logger - INFO - operation successful on SELECT id, username, email, age FROM users with params None
2024-05-06 15:45:17,199 - general_logger - INFO - operation successful on SELECT id, username, email, age FROM users with params None
2024-05-06 15:45:58,568 - general_logger - INFO - operation successful on SELECT id, username, email, age FROM users WHERE username LIKE %s with params ('%al%',)
2024-05-06 15:45:58,568 - general_logger - INFO - operation successful on SELECT id, username, email, age FROM users WHERE username LIKE %s with params ('%al%',)
2024-05-06 15:46:39,590 - general_logger - INFO - operation successful on SELECT id, username, email, age FROM users with params None
2024-05-06 15:46:39,590 - general_logger - INFO - operation successful on SELECT id, username, email, age FROM users with params None
2024-05-06 15:55:06,560 - general_logger - INFO - operation successful on SELECT username, email, age FROM users with params None
2024-05-06 15:55:06,560 - general_logger - INFO - operation successful on SELECT username, email, age FROM users with params None
2024-05-06 15:55:55,089 - general_logger - INFO - operation successful on INSERT INTO users (username, email, age, password) VALUES (%s, %s, %s, %s) with params ('nilakay', 'sevdanilakay@icloud.com', '21', '$2b$15$NiHQoCKp7joKZ7zszokk5ulkPwNxwyVhvlCWuc0NgjGBdx8M.X8fW')
2024-05-06 15:55:55,089 - general_logger - INFO - operation successful on INSERT INTO users (username, email, age, password) VALUES (%s, %s, %s, %s) with params ('nilakay', 'sevdanilakay@icloud.com', '21', '$2b$15$NiHQoCKp7joKZ7zszokk5ulkPwNxwyVhvlCWuc0NgjGBdx8M.X8fW')
2024-05-06 15:55:55,103 - general_logger - INFO - operation successful on SELECT username, email, age FROM users with params None
2024-05-06 15:55:55,103 - general_logger - INFO - operation successful on SELECT username, email, age FROM users with params None
2024-05-06 15:56:08,193 - general_logger - INFO - operation successful on SELECT username, email, age FROM users with params None
2024-05-06 15:56:08,193 - general_logger - INFO - operation successful on SELECT username, email, age FROM users with params None
2024-05-06 16:01:46,249 - general_logger - INFO - operation successful on SELECT username, email, age,id FROM users with params None
2024-05-06 16:01:46,249 - general_logger - INFO - operation successful on SELECT username, email, age,id FROM users with params None
2024-05-06 16:02:18,841 - general_logger - INFO - operation successful on SELECT id,username, email, age FROM users with params None
2024-05-06 16:02:18,841 - general_logger - INFO - operation successful on SELECT id,username, email, age FROM users with params None
2024-05-06 16:04:57,355 - general_logger - INFO - operation successful on SELECT id,username, email, age FROM users with params None
2024-05-06 16:04:57,355 - general_logger - INFO - operation successful on SELECT id,username, email, age FROM users with params None
2024-05-06 16:08:08,545 - general_logger - INFO - operation successful on SELECT username, email, age FROM users WHERE username LIKE %s with params ('%al%',)
2024-05-06 16:08:08,545 - general_logger - INFO - operation successful on SELECT username, email, age FROM users WHERE username LIKE %s with params ('%al%',)
2024-05-06 16:09:46,033 - general_logger - INFO - operation successful on SELECT id, username, email, age FROM users with params None
2024-05-06 16:09:46,033 - general_logger - INFO - operation successful on SELECT id, username, email, age FROM users with params None
2024-05-06 16:09:50,024 - general_logger - INFO - operation successful on DELETE FROM users WHERE id = %s with params ('22',)
2024-05-06 16:09:50,024 - general_logger - INFO - operation successful on DELETE FROM users WHERE id = %s with params ('22',)
2024-05-06 16:09:50,834 - general_logger - INFO - operation successful on SELECT id, username, email, age FROM users with params None
2024-05-06 16:09:50,834 - general_logger - INFO - operation successful on SELECT id, username, email, age FROM users with params None
2024-05-06 16:10:05,721 - general_logger - INFO - operation successful on SELECT id, username, email, age FROM users with params None
2024-05-06 16:10:05,721 - general_logger - INFO - operation successful on SELECT id, username, email, age FROM users with params None
2024-05-06 16:10:07,606 - general_logger - INFO - operation successful on DELETE FROM users WHERE id = %s with params ('19',)
2024-05-06 16:10:07,606 - general_logger - INFO - operation successful on DELETE FROM users WHERE id = %s with params ('19',)
2024-05-06 16:10:08,879 - general_logger - INFO - operation successful on SELECT id, username, email, age FROM users with params None
2024-05-06 16:10:08,879 - general_logger - INFO - operation successful on SELECT id, username, email, age FROM users with params None
2024-05-06 16:10:20,865 - general_logger - INFO - operation successful on INSERT INTO users (username, email, age, password) VALUES (%s, %s, %s, %s) with params ('ege', 'ege@gmail.com', '23', '$2b$15$ddK65PqVgZWA5lcHXLKFJ.I5ZPslA/NPAEE8MwEf2Ru81KjT9G/.q')
2024-05-06 16:10:20,865 - general_logger - INFO - operation successful on INSERT INTO users (username, email, age, password) VALUES (%s, %s, %s, %s) with params ('ege', 'ege@gmail.com', '23', '$2b$15$ddK65PqVgZWA5lcHXLKFJ.I5ZPslA/NPAEE8MwEf2Ru81KjT9G/.q')
2024-05-06 16:10:20,902 - general_logger - INFO - operation successful on SELECT id, username, email, age FROM users with params None
2024-05-06 16:10:20,902 - general_logger - INFO - operation successful on SELECT id, username, email, age FROM users with params None
2024-05-06 16:10:30,444 - general_logger - INFO - operation successful on SELECT id, username, email, age FROM users with params None
2024-05-06 16:10:30,444 - general_logger - INFO - operation successful on SELECT id, username, email, age FROM users with params None
2024-05-06 16:10:54,722 - general_logger - INFO - operation successful on SELECT id, name, quantity, price FROM item WHERE name LIKE %s with params ('%ap%',)
2024-05-06 16:10:54,722 - general_logger - INFO - operation successful on SELECT id, name, quantity, price FROM item WHERE name LIKE %s with params ('%ap%',)
2024-05-06 16:10:57,398 - general_logger - INFO - operation successful on SELECT id, username, email, age FROM users with params None
2024-05-06 16:10:57,398 - general_logger - INFO - operation successful on SELECT id, username, email, age FROM users with params None
2024-05-06 16:11:00,789 - general_logger - INFO - operation successful on SELECT id, username, email, age FROM users with params None
2024-05-06 16:11:00,789 - general_logger - INFO - operation successful on SELECT id, username, email, age FROM users with params None
2024-05-06 16:11:02,697 - general_logger - INFO - operation successful on DELETE FROM users WHERE id = %s with params ('16',)
2024-05-06 16:11:02,697 - general_logger - INFO - operation successful on DELETE FROM users WHERE id = %s with params ('16',)
2024-05-06 16:11:03,630 - general_logger - INFO - operation successful on SELECT id, username, email, age FROM users with params None
2024-05-06 16:11:03,630 - general_logger - INFO - operation successful on SELECT id, username, email, age FROM users with params None
2024-05-06 16:18:35,975 - general_logger - INFO - operation successful on SELECT id, username, email, age FROM users with params None
2024-05-06 16:18:35,975 - general_logger - INFO - operation successful on SELECT id, username, email, age FROM users with params None
2024-05-06 16:18:41,834 - general_logger - INFO - operation successful on UPDATE users SET age = %s WHERE id = %s with params ('24', 18)
2024-05-06 16:18:41,834 - general_logger - INFO - operation successful on UPDATE users SET age = %s WHERE id = %s with params ('24', 18)
2024-05-06 16:18:44,856 - general_logger - INFO - operation successful on SELECT id, username, email, age FROM users with params None
2024-05-06 16:18:44,856 - general_logger - INFO - operation successful on SELECT id, username, email, age FROM users with params None
2024-05-06 16:18:59,760 - general_logger - INFO - operation successful on INSERT INTO users (username, email, age, password) VALUES (%s, %s, %s, %s) with params ('bera', 'bera@gmail.com', '22', '$2b$15$Dhb5P/awjLHqAsirjfgBxem/7RahuwDxRxjOLd/qfQRXt7sRTNcuG')
2024-05-06 16:18:59,760 - general_logger - INFO - operation successful on INSERT INTO users (username, email, age, password) VALUES (%s, %s, %s, %s) with params ('bera', 'bera@gmail.com', '22', '$2b$15$Dhb5P/awjLHqAsirjfgBxem/7RahuwDxRxjOLd/qfQRXt7sRTNcuG')
2024-05-06 16:18:59,773 - general_logger - INFO - operation successful on SELECT id, username, email, age FROM users with params None
2024-05-06 16:18:59,773 - general_logger - INFO - operation successful on SELECT id, username, email, age FROM users with params None
2024-05-06 16:19:08,948 - general_logger - INFO - operation successful on SELECT id, username, email, age FROM users with params None
2024-05-06 16:19:08,948 - general_logger - INFO - operation successful on SELECT id, username, email, age FROM users with params None
2024-05-06 16:19:52,442 - general_logger - INFO - operation successful on DELETE FROM users WHERE id = %s with params ('23',)
2024-05-06 16:19:52,442 - general_logger - INFO - operation successful on DELETE FROM users WHERE id = %s with params ('23',)
2024-05-06 16:19:53,455 - general_logger - INFO - operation successful on SELECT id, username, email, age FROM users with params None
2024-05-06 16:19:53,455 - general_logger - INFO - operation successful on SELECT id, username, email, age FROM users with params None
2024-05-06 16:20:07,035 - general_logger - INFO - operation successful on INSERT INTO users (username, email, age, password) VALUES (%s, %s, %s, %s) with params ('ege', 'ege@gmail.com', '22', '$2b$15$k21BfpXpgXAE0Ph1kxDm.ORAnvafQsaIPYrOuSmIfEZYX5kZfcRnS')
2024-05-06 16:20:07,035 - general_logger - INFO - operation successful on INSERT INTO users (username, email, age, password) VALUES (%s, %s, %s, %s) with params ('ege', 'ege@gmail.com', '22', '$2b$15$k21BfpXpgXAE0Ph1kxDm.ORAnvafQsaIPYrOuSmIfEZYX5kZfcRnS')
2024-05-06 16:20:07,058 - general_logger - INFO - operation successful on SELECT id, username, email, age FROM users with params None
2024-05-06 16:20:07,058 - general_logger - INFO - operation successful on SELECT id, username, email, age FROM users with params None
2024-05-06 16:20:11,797 - general_logger - INFO - operation successful on SELECT id, username, email, age FROM users with params None
2024-05-06 16:20:11,797 - general_logger - INFO - operation successful on SELECT id, username, email, age FROM users with params None
2024-05-06 16:20:27,494 - general_logger - INFO - operation successful on SELECT id, username, email, age FROM users with params None
2024-05-06 16:20:27,494 - general_logger - INFO - operation successful on SELECT id, username, email, age FROM users with params None
2024-05-06 16:20:47,095 - general_logger - INFO - operation successful on INSERT INTO users (username, email, age, password) VALUES (%s, %s, %s, %s) with params ('feyza', 'feyza@gmail.com', '45', '$2b$15$qpexxBph/iFvBb8v93i3u.KYhT/3xEp5xkrF9SyCJGCVF7FOHFQ1m')
2024-05-06 16:20:47,095 - general_logger - INFO - operation successful on INSERT INTO users (username, email, age, password) VALUES (%s, %s, %s, %s) with params ('feyza', 'feyza@gmail.com', '45', '$2b$15$qpexxBph/iFvBb8v93i3u.KYhT/3xEp5xkrF9SyCJGCVF7FOHFQ1m')
2024-05-06 16:20:47,133 - general_logger - INFO - operation successful on SELECT id, username, email, age FROM users with params None
2024-05-06 16:20:47,133 - general_logger - INFO - operation successful on SELECT id, username, email, age FROM users with params None
2024-05-06 16:20:50,560 - general_logger - INFO - operation successful on SELECT id, username, email, age FROM users with params None
2024-05-06 16:20:50,560 - general_logger - INFO - operation successful on SELECT id, username, email, age FROM users with params None
2024-05-06 16:21:16,763 - general_logger - INFO - operation successful on SELECT id, username, email, age FROM users WHERE username LIKE %s with params ('%al%',)
2024-05-06 16:21:16,763 - general_logger - INFO - operation successful on SELECT id, username, email, age FROM users WHERE username LIKE %s with params ('%al%',)
2024-05-06 16:21:24,086 - general_logger - INFO - operation successful on SELECT id, username, email, age FROM users with params None
2024-05-06 16:21:24,086 - general_logger - INFO - operation successful on SELECT id, username, email, age FROM users with params None
2024-05-06 16:21:27,934 - general_logger - INFO - operation successful on DELETE FROM users WHERE id = %s with params ('17',)
2024-05-06 16:21:27,934 - general_logger - INFO - operation successful on DELETE FROM users WHERE id = %s with params ('17',)
2024-05-06 16:21:28,781 - general_logger - INFO - operation successful on SELECT id, username, email, age FROM users with params None
2024-05-06 16:21:28,781 - general_logger - INFO - operation successful on SELECT id, username, email, age FROM users with params None
2024-05-06 16:21:37,349 - general_logger - INFO - operation successful on SELECT id, name, quantity, price FROM item WHERE name LIKE %s with params ('%ap%',)
2024-05-06 16:21:37,349 - general_logger - INFO - operation successful on SELECT id, name, quantity, price FROM item WHERE name LIKE %s with params ('%ap%',)
2024-05-06 16:22:02,391 - general_logger - INFO - operation successful on SELECT id, name, quantity, price FROM item WHERE price = %s with params ('4',)
2024-05-06 16:22:02,391 - general_logger - INFO - operation successful on SELECT id, name, quantity, price FROM item WHERE price = %s with params ('4',)
2024-05-06 16:22:05,303 - general_logger - INFO - operation successful on SELECT id, name, quantity, price FROM item WHERE price = %s with params ('5',)
2024-05-06 16:22:05,303 - general_logger - INFO - operation successful on SELECT id, name, quantity, price FROM item WHERE price = %s with params ('5',)
2024-05-06 16:22:13,180 - general_logger - INFO - operation successful on SELECT id, username, email, age FROM users with params None
2024-05-06 16:22:13,180 - general_logger - INFO - operation successful on SELECT id, username, email, age FROM users with params None
2024-05-06 16:22:17,473 - general_logger - INFO - operation successful on SELECT id, name, quantity, price FROM item with params None
2024-05-06 16:22:17,473 - general_logger - INFO - operation successful on SELECT id, name, quantity, price FROM item with params None
2024-05-06 16:22:26,565 - general_logger - INFO - operation successful on SELECT id, name, quantity, price FROM item WHERE price = %s with params ('6',)
2024-05-06 16:22:26,565 - general_logger - INFO - operation successful on SELECT id, name, quantity, price FROM item WHERE price = %s with params ('6',)
2024-05-06 16:23:21,968 - general_logger - INFO - operation successful on SELECT id, username, email, age FROM users with params None
2024-05-06 16:23:21,968 - general_logger - INFO - operation successful on SELECT id, username, email, age FROM users with params None
2024-05-06 16:23:27,617 - general_logger - INFO - operation successful on SELECT id, username, email, age FROM users with params None
2024-05-06 16:23:27,617 - general_logger - INFO - operation successful on SELECT id, username, email, age FROM users with params None
2024-05-06 16:23:30,551 - general_logger - INFO - operation successful on SELECT id, username, email, age FROM users with params None
2024-05-06 16:23:30,551 - general_logger - INFO - operation successful on SELECT id, username, email, age FROM users with params None
2024-05-06 16:23:30,734 - general_logger - INFO - operation successful on SELECT id, username, email, age FROM users with params None
2024-05-06 16:23:30,734 - general_logger - INFO - operation successful on SELECT id, username, email, age FROM users with params None
2024-05-06 16:23:30,910 - general_logger - INFO - operation successful on SELECT id, username, email, age FROM users with params None
2024-05-06 16:23:30,910 - general_logger - INFO - operation successful on SELECT id, username, email, age FROM users with params None
2024-05-06 16:23:41,885 - general_logger - INFO - operation successful on SELECT id, username, email, age FROM users with params None
2024-05-06 16:23:41,885 - general_logger - INFO - operation successful on SELECT id, username, email, age FROM users with params None
2024-05-06 16:24:22,044 - general_logger - INFO - operation successful on SELECT id, username, email, age FROM users WHERE username LIKE %s with params ('%al%',)
2024-05-06 16:24:22,044 - general_logger - INFO - operation successful on SELECT id, username, email, age FROM users WHERE username LIKE %s with params ('%al%',)
2024-05-06 16:24:34,433 - general_logger - INFO - operation successful on SELECT id, name, quantity, price FROM item WHERE price = %s with params ('6',)
2024-05-06 16:24:34,433 - general_logger - INFO - operation successful on SELECT id, name, quantity, price FROM item WHERE price = %s with params ('6',)
2024-05-06 16:24:53,834 - general_logger - INFO - operation successful on SELECT id, name, quantity, price FROM item WHERE id = %s with params ('1',)
2024-05-06 16:24:53,834 - general_logger - INFO - operation successful on SELECT id, name, quantity, price FROM item WHERE id = %s with params ('1',)
2024-05-06 16:25:00,621 - general_logger - INFO - operation successful on SELECT id, username, email, age FROM users WHERE id = %s with params ('1',)
2024-05-06 16:25:00,621 - general_logger - INFO - operation successful on SELECT id, username, email, age FROM users WHERE id = %s with params ('1',)
2024-05-06 16:25:04,293 - general_logger - INFO - operation successful on SELECT id, username, email, age FROM users WHERE id = %s with params ('19',)
2024-05-06 16:25:04,293 - general_logger - INFO - operation successful on SELECT id, username, email, age FROM users WHERE id = %s with params ('19',)
2024-05-06 16:25:07,140 - general_logger - INFO - operation successful on SELECT id, username, email, age FROM users WHERE id = %s with params ('27',)
2024-05-06 16:25:07,140 - general_logger - INFO - operation successful on SELECT id, username, email, age FROM users WHERE id = %s with params ('27',)
2024-05-06 16:25:07,899 - general_logger - INFO - operation successful on SELECT id, username, email, age FROM users WHERE id = %s with params ('27',)
2024-05-06 16:25:07,899 - general_logger - INFO - operation successful on SELECT id, username, email, age FROM users WHERE id = %s with params ('27',)
2024-05-06 16:25:08,314 - general_logger - INFO - operation successful on SELECT id, username, email, age FROM users WHERE id = %s with params ('27',)
2024-05-06 16:25:08,314 - general_logger - INFO - operation successful on SELECT id, username, email, age FROM users WHERE id = %s with params ('27',)
2024-05-06 16:25:10,996 - general_logger - INFO - operation successful on SELECT id, username, email, age FROM users WHERE id = %s with params ('21',)
2024-05-06 16:25:10,996 - general_logger - INFO - operation successful on SELECT id, username, email, age FROM users WHERE id = %s with params ('21',)
2024-05-06 16:25:14,686 - general_logger - INFO - operation successful on SELECT id, username, email, age FROM users WHERE id = %s with params ('19',)
2024-05-06 16:25:14,686 - general_logger - INFO - operation successful on SELECT id, username, email, age FROM users WHERE id = %s with params ('19',)
2024-05-06 16:25:17,729 - general_logger - INFO - operation successful on SELECT id, username, email, age FROM users with params None
2024-05-06 16:25:17,729 - general_logger - INFO - operation successful on SELECT id, username, email, age FROM users with params None
2024-05-06 16:25:26,117 - general_logger - INFO - operation successful on SELECT id, username, email, age FROM users WHERE id = %s with params ('24',)
2024-05-06 16:25:26,117 - general_logger - INFO - operation successful on SELECT id, username, email, age FROM users WHERE id = %s with params ('24',)
2024-05-06 16:31:26,223 - general_logger - INFO - operation successful on INSERT INTO users (username, email, age, password) VALUES (%s, %s, %s, %s) with params ('ozge', 'ozge@gmail.com', '24', '$2b$15$iUIaIBhC0SLqp1v7ARr5R.EsMSMZpKRevfxV699Pc5sOrd6v1MJ.6')
2024-05-06 16:31:26,223 - general_logger - INFO - operation successful on INSERT INTO users (username, email, age, password) VALUES (%s, %s, %s, %s) with params ('ozge', 'ozge@gmail.com', '24', '$2b$15$iUIaIBhC0SLqp1v7ARr5R.EsMSMZpKRevfxV699Pc5sOrd6v1MJ.6')
2024-05-06 16:31:26,243 - general_logger - INFO - operation successful on SELECT id, username, email, age FROM users with params None
2024-05-06 16:31:26,243 - general_logger - INFO - operation successful on SELECT id, username, email, age FROM users with params None
2024-05-06 16:33:15,724 - general_logger - INFO - operation successful on SELECT id, username, email, age FROM users with params None
2024-05-06 16:33:15,724 - general_logger - INFO - operation successful on SELECT id, username, email, age FROM users with params None
2024-05-06 16:33:18,118 - general_logger - INFO - operation successful on DELETE FROM users WHERE id = %s with params ('27',)
2024-05-06 16:33:18,118 - general_logger - INFO - operation successful on DELETE FROM users WHERE id = %s with params ('27',)
2024-05-06 16:33:18,887 - general_logger - INFO - operation successful on SELECT id, username, email, age FROM users with params None
2024-05-06 16:33:18,887 - general_logger - INFO - operation successful on SELECT id, username, email, age FROM users with params None
2024-05-06 16:33:45,260 - general_logger - INFO - operation successful on INSERT INTO users (username, email, age, password) VALUES (%s, %s, %s, %s) with params ('alkim', 'alkim@gmail.com', '22', '$2b$15$2GoNsTI59IFaszgnIx285.R6yqv3wTz/6VQC/9R1AI3CmYH/WKfui')
2024-05-06 16:33:45,260 - general_logger - INFO - operation successful on INSERT INTO users (username, email, age, password) VALUES (%s, %s, %s, %s) with params ('alkim', 'alkim@gmail.com', '22', '$2b$15$2GoNsTI59IFaszgnIx285.R6yqv3wTz/6VQC/9R1AI3CmYH/WKfui')
2024-05-06 16:33:45,283 - general_logger - INFO - operation successful on SELECT id, username, email, age FROM users with params None
2024-05-06 16:33:45,283 - general_logger - INFO - operation successful on SELECT id, username, email, age FROM users with params None
2024-05-06 16:33:48,021 - general_logger - INFO - operation successful on SELECT id, username, email, age FROM users with params None
2024-05-06 16:33:48,021 - general_logger - INFO - operation successful on SELECT id, username, email, age FROM users with params None
2024-05-06 16:33:58,240 - general_logger - INFO - operation successful on SELECT id, username, email, age FROM users WHERE id = %s with params ('5',)
2024-05-06 16:33:58,240 - general_logger - INFO - operation successful on SELECT id, username, email, age FROM users WHERE id = %s with params ('5',)
2024-05-06 16:34:02,490 - general_logger - INFO - operation successful on SELECT id, username, email, age FROM users WHERE id = %s with params ('18',)
2024-05-06 16:34:02,490 - general_logger - INFO - operation successful on SELECT id, username, email, age FROM users WHERE id = %s with params ('18',)
2024-05-06 16:34:04,655 - general_logger - INFO - operation successful on SELECT id, username, email, age FROM users WHERE id = %s with params ('1',)
2024-05-06 16:34:04,655 - general_logger - INFO - operation successful on SELECT id, username, email, age FROM users WHERE id = %s with params ('1',)
2024-05-06 16:34:09,617 - general_logger - INFO - operation successful on SELECT id, name, quantity, price FROM item WHERE id = %s with params ('1',)
2024-05-06 16:34:09,617 - general_logger - INFO - operation successful on SELECT id, name, quantity, price FROM item WHERE id = %s with params ('1',)
2024-05-06 16:36:28,198 - general_logger - INFO - operation successful on SELECT id, username, email, age FROM users with params None
2024-05-06 16:36:28,198 - general_logger - INFO - operation successful on SELECT id, username, email, age FROM users with params None
2024-05-06 16:37:09,450 - general_logger - INFO - operation successful on SELECT id, username, email, age FROM users with params None
2024-05-06 16:37:09,450 - general_logger - INFO - operation successful on SELECT id, username, email, age FROM users with params None
2024-05-06 16:41:20,546 - general_logger - INFO - operation successful on SELECT id, username, email, age FROM users with params None
2024-05-06 16:41:20,546 - general_logger - INFO - operation successful on SELECT id, username, email, age FROM users with params None
2024-05-06 16:41:45,229 - general_logger - INFO - operation successful on DELETE FROM users WHERE id = %s with params ('28',)
2024-05-06 16:41:45,229 - general_logger - INFO - operation successful on DELETE FROM users WHERE id = %s with params ('28',)
2024-05-06 16:41:49,635 - general_logger - INFO - operation successful on SELECT id, username, email, age FROM users with params None
2024-05-06 16:41:49,635 - general_logger - INFO - operation successful on SELECT id, username, email, age FROM users with params None
2024-05-06 16:42:05,459 - general_logger - INFO - operation successful on INSERT INTO users (username, email, age, password) VALUES (%s, %s, %s, %s) with params ('alkim', 'alkim@gmail.com', '44', '$2b$15$6SPDEh9erccFqRzjKNmUA.1SDd/SHsbyLL1Es3RbcRkoEuDlrCsp.')
2024-05-06 16:42:05,459 - general_logger - INFO - operation successful on INSERT INTO users (username, email, age, password) VALUES (%s, %s, %s, %s) with params ('alkim', 'alkim@gmail.com', '44', '$2b$15$6SPDEh9erccFqRzjKNmUA.1SDd/SHsbyLL1Es3RbcRkoEuDlrCsp.')
2024-05-06 16:42:05,479 - general_logger - INFO - operation successful on SELECT id, username, email, age FROM users with params None
2024-05-06 16:42:05,479 - general_logger - INFO - operation successful on SELECT id, username, email, age FROM users with params None
2024-05-06 16:42:12,946 - general_logger - INFO - operation successful on SELECT id, username, email, age FROM users WHERE username LIKE %s with params ('%al%',)
2024-05-06 16:42:12,946 - general_logger - INFO - operation successful on SELECT id, username, email, age FROM users WHERE username LIKE %s with params ('%al%',)
2024-05-06 16:44:56,665 - general_logger - INFO - operation successful on SELECT id, username, email, age FROM users WHERE username LIKE %s with params ('%al%',)
2024-05-06 16:44:56,665 - general_logger - INFO - operation successful on SELECT id, username, email, age FROM users WHERE username LIKE %s with params ('%al%',)
2024-05-06 16:54:10,034 - general_logger - INFO - operation successful on SELECT id, username, email, age FROM users with params None
2024-05-06 16:54:10,034 - general_logger - INFO - operation successful on SELECT id, username, email, age FROM users with params None
2024-05-06 17:02:01,018 - general_logger - INFO - operation successful on SELECT id, username, email, age FROM users with params None
2024-05-06 17:02:01,018 - general_logger - INFO - operation successful on SELECT id, username, email, age FROM users with params None
2024-05-06 17:02:17,079 - general_logger - INFO - operation successful on SELECT id, username, email, age FROM users with params None
2024-05-06 17:02:17,079 - general_logger - INFO - operation successful on SELECT id, username, email, age FROM users with params None
2024-05-06 17:02:20,443 - general_logger - INFO - operation successful on UPDATE users SET age = %s WHERE id = %s with params ('21', 1)
2024-05-06 17:02:20,443 - general_logger - INFO - operation successful on UPDATE users SET age = %s WHERE id = %s with params ('21', 1)
2024-05-06 17:02:23,009 - general_logger - INFO - operation successful on SELECT id, username, email, age FROM users with params None
2024-05-06 17:02:23,009 - general_logger - INFO - operation successful on SELECT id, username, email, age FROM users with params None
2024-05-06 17:02:57,416 - general_logger - INFO - operation successful on DELETE FROM users WHERE id = %s with params ('29',)
2024-05-06 17:02:57,416 - general_logger - INFO - operation successful on DELETE FROM users WHERE id = %s with params ('29',)
2024-05-06 17:02:58,460 - general_logger - INFO - operation successful on SELECT id, username, email, age FROM users with params None
2024-05-06 17:02:58,460 - general_logger - INFO - operation successful on SELECT id, username, email, age FROM users with params None
2024-05-06 17:03:14,043 - general_logger - INFO - operation successful on INSERT INTO users (username, email, age, password) VALUES (%s, %s, %s, %s) with params ('alkim', 'alkim@gmail.com', '25', '$2b$15$okTFI2SrYAmZIZxGcP439u6Dj4gcJHQ94PSyYK3pFoQiuW6p4TmhK')
2024-05-06 17:03:14,043 - general_logger - INFO - operation successful on INSERT INTO users (username, email, age, password) VALUES (%s, %s, %s, %s) with params ('alkim', 'alkim@gmail.com', '25', '$2b$15$okTFI2SrYAmZIZxGcP439u6Dj4gcJHQ94PSyYK3pFoQiuW6p4TmhK')
2024-05-06 17:03:14,072 - general_logger - INFO - operation successful on SELECT id, username, email, age FROM users with params None
2024-05-06 17:03:14,072 - general_logger - INFO - operation successful on SELECT id, username, email, age FROM users with params None
2024-05-06 17:03:18,203 - general_logger - INFO - operation successful on SELECT id, username, email, age FROM users with params None
2024-05-06 17:03:18,203 - general_logger - INFO - operation successful on SELECT id, username, email, age FROM users with params None
2024-05-06 17:03:25,682 - general_logger - INFO - operation successful on SELECT id, username, email, age FROM users WHERE username LIKE %s with params ('%al%',)
2024-05-06 17:03:25,682 - general_logger - INFO - operation successful on SELECT id, username, email, age FROM users WHERE username LIKE %s with params ('%al%',)
2024-05-06 17:05:25,130 - general_logger - INFO - operation successful on SELECT id, username, email, age FROM users WHERE id = %s with params ('1',)
2024-05-06 17:05:25,130 - general_logger - INFO - operation successful on SELECT id, username, email, age FROM users WHERE id = %s with params ('1',)
2024-05-06 17:05:27,886 - general_logger - INFO - operation successful on SELECT id, username, email, age FROM users with params None
2024-05-06 17:05:27,886 - general_logger - INFO - operation successful on SELECT id, username, email, age FROM users with params None
2024-05-06 17:09:55,341 - general_logger - INFO - operation successful on SELECT id, username, email, age FROM users with params None
2024-05-06 17:09:55,341 - general_logger - INFO - operation successful on SELECT id, username, email, age FROM users with params None
2024-05-06 17:12:18,301 - general_logger - INFO - operation successful on SELECT id, username, email, age FROM users with params None
2024-05-06 17:12:18,301 - general_logger - INFO - operation successful on SELECT id, username, email, age FROM users with params None
2024-05-06 17:20:03,319 - general_logger - INFO - operation successful on SELECT id, username, email, age FROM users with params None
2024-05-06 17:20:03,319 - general_logger - INFO - operation successful on SELECT id, username, email, age FROM users with params None
2024-05-06 17:20:06,790 - general_logger - INFO - operation successful on SELECT id, username, email, age FROM users with params None
2024-05-06 17:20:06,790 - general_logger - INFO - operation successful on SELECT id, username, email, age FROM users with params None
2024-05-06 17:20:10,745 - general_logger - INFO - operation successful on SELECT id, username, email, age FROM users with params None
2024-05-06 17:20:10,745 - general_logger - INFO - operation successful on SELECT id, username, email, age FROM users with params None
2024-05-06 17:20:25,080 - general_logger - INFO - operation successful on SELECT id, username, email, age FROM users with params None
2024-05-06 17:20:25,080 - general_logger - INFO - operation successful on SELECT id, username, email, age FROM users with params None
2024-05-06 17:20:28,713 - general_logger - INFO - operation successful on UPDATE users SET age = %s WHERE id = %s with params ('3', 25)
2024-05-06 17:20:28,713 - general_logger - INFO - operation successful on UPDATE users SET age = %s WHERE id = %s with params ('3', 25)
2024-05-06 17:20:42,907 - general_logger - INFO - operation successful on INSERT INTO users (username, email, age, password) VALUES (%s, %s, %s, %s) with params ('feyza', 'feyza@gmail.com', '44', '$2b$15$O9fo99oMYWywspLua8d9fOKrscUwc8Bd6AyTsLMlodSIS/HA/oCrC')
2024-05-06 17:20:42,907 - general_logger - INFO - operation successful on INSERT INTO users (username, email, age, password) VALUES (%s, %s, %s, %s) with params ('feyza', 'feyza@gmail.com', '44', '$2b$15$O9fo99oMYWywspLua8d9fOKrscUwc8Bd6AyTsLMlodSIS/HA/oCrC')
2024-05-06 17:20:42,925 - general_logger - INFO - operation successful on SELECT id, username, email, age FROM users with params None
2024-05-06 17:20:42,925 - general_logger - INFO - operation successful on SELECT id, username, email, age FROM users with params None
2024-05-06 17:20:48,143 - general_logger - INFO - operation successful on SELECT id, username, email, age FROM users with params None
2024-05-06 17:20:48,143 - general_logger - INFO - operation successful on SELECT id, username, email, age FROM users with params None
2024-05-06 17:23:25,055 - general_logger - INFO - operation successful on SELECT id, username, email, age FROM users with params None
2024-05-06 17:23:25,055 - general_logger - INFO - operation successful on SELECT id, username, email, age FROM users with params None
2024-05-06 17:23:41,561 - general_logger - INFO - operation successful on DELETE FROM users WHERE id = %s with params ('31',)
2024-05-06 17:23:41,561 - general_logger - INFO - operation successful on DELETE FROM users WHERE id = %s with params ('31',)
2024-05-06 17:23:42,574 - general_logger - INFO - operation successful on SELECT id, username, email, age FROM users with params None
2024-05-06 17:23:42,574 - general_logger - INFO - operation successful on SELECT id, username, email, age FROM users with params None
2024-05-06 17:27:15,017 - general_logger - INFO - operation successful on SELECT id, username, email, age FROM users with params None
2024-05-06 17:27:15,017 - general_logger - INFO - operation successful on SELECT id, username, email, age FROM users with params None
2024-05-06 17:27:18,415 - general_logger - INFO - operation successful on SELECT id, username, email, age FROM users with params None
2024-05-06 17:27:18,415 - general_logger - INFO - operation successful on SELECT id, username, email, age FROM users with params None
2024-05-06 17:27:32,082 - general_logger - INFO - operation successful on INSERT INTO users (username, email, age, password) VALUES (%s, %s, %s, %s) with params ('feyza', 'feyza@gmail.com', '33', '$2b$15$K/zxHEhjm.3tzjDE2dLMzuHX8DewkuQ8XTyqQ7r33CJDY15xZT5/e')
2024-05-06 17:27:32,082 - general_logger - INFO - operation successful on INSERT INTO users (username, email, age, password) VALUES (%s, %s, %s, %s) with params ('feyza', 'feyza@gmail.com', '33', '$2b$15$K/zxHEhjm.3tzjDE2dLMzuHX8DewkuQ8XTyqQ7r33CJDY15xZT5/e')
2024-05-06 17:27:32,100 - general_logger - INFO - operation successful on SELECT id, username, email, age FROM users with params None
2024-05-06 17:27:32,100 - general_logger - INFO - operation successful on SELECT id, username, email, age FROM users with params None
2024-05-06 17:27:40,778 - general_logger - INFO - operation successful on SELECT id, username, email, age FROM users with params None
2024-05-06 17:27:40,778 - general_logger - INFO - operation successful on SELECT id, username, email, age FROM users with params None
2024-05-13 10:38:43,319 - general_logger - INFO - operation successful on SELECT id, username, email, age FROM users with params None
2024-05-13 10:38:43,319 - general_logger - INFO - operation successful on SELECT id, username, email, age FROM users with params None
2024-05-13 10:39:05,358 - general_logger - INFO - operation successful on SELECT id, username, email, age FROM users with params None
2024-05-13 10:39:05,358 - general_logger - INFO - operation successful on SELECT id, username, email, age FROM users with params None
2024-05-13 10:39:11,519 - general_logger - INFO - operation successful on UPDATE users SET age = %s WHERE id = %s with params ('44', 25)
2024-05-13 10:39:11,519 - general_logger - INFO - operation successful on UPDATE users SET age = %s WHERE id = %s with params ('44', 25)
2024-05-13 11:32:37,455 - general_logger - INFO - operation successful on INSERT INTO users (username, email, age, password) VALUES (%s, %s, %s, %s) with params ('holly17', 'nthomas@example.org', 41, '$2b$15$YRrllpiBJc0RHF5lp0QR2ut3RcZA1KE8UA9GVyaqWEXQRg7zlfbZK')
2024-05-13 15:57:30,652 - general_logger - INFO - operation successful on SELECT id, username, email, age FROM users with params None
2024-05-13 15:57:30,652 - general_logger - INFO - operation successful on SELECT id, username, email, age FROM users with params None
2024-05-13 15:57:39,602 - general_logger - INFO - operation successful on SELECT id, name, quantity, price FROM item with params None
2024-05-13 15:57:39,602 - general_logger - INFO - operation successful on SELECT id, name, quantity, price FROM item with params None
2024-05-13 15:58:23,424 - general_logger - INFO - operation successful on INSERT INTO item (name, quantity, price) VALUES (%s, %s, %s) with params ('kiwi', '70', '8')
2024-05-13 15:58:23,424 - general_logger - INFO - operation successful on INSERT INTO item (name, quantity, price) VALUES (%s, %s, %s) with params ('kiwi', '70', '8')
2024-05-13 15:58:23,444 - general_logger - INFO - operation successful on SELECT id, name, quantity, price FROM item with params None
2024-05-13 15:58:23,444 - general_logger - INFO - operation successful on SELECT id, name, quantity, price FROM item with params None
2024-05-13 15:58:29,587 - general_logger - INFO - operation successful on SELECT id, name, quantity, price FROM item with params None
2024-05-13 15:58:29,587 - general_logger - INFO - operation successful on SELECT id, name, quantity, price FROM item with params None
2024-05-13 15:58:37,899 - general_logger - INFO - operation successful on UPDATE item SET quantity = %s WHERE id = %s with params ('67', 7)
2024-05-13 15:58:37,899 - general_logger - INFO - operation successful on UPDATE item SET quantity = %s WHERE id = %s with params ('67', 7)
2024-05-13 15:58:42,001 - general_logger - INFO - operation successful on SELECT id, name, quantity, price FROM item with params None
2024-05-13 15:58:42,001 - general_logger - INFO - operation successful on SELECT id, name, quantity, price FROM item with params None
2024-05-13 15:58:53,725 - general_logger - INFO - operation successful on SELECT id, name, quantity, price FROM item with params None
2024-05-13 15:58:53,725 - general_logger - INFO - operation successful on SELECT id, name, quantity, price FROM item with params None
2024-05-13 15:59:03,333 - general_logger - INFO - operation successful on DELETE FROM item WHERE id = %s with params ('6',)
2024-05-13 15:59:03,333 - general_logger - INFO - operation successful on DELETE FROM item WHERE id = %s with params ('6',)
2024-05-13 15:59:07,599 - general_logger - INFO - operation successful on SELECT id, name, quantity, price FROM item with params None
2024-05-13 15:59:07,599 - general_logger - INFO - operation successful on SELECT id, name, quantity, price FROM item with params None
2024-05-13 15:59:23,958 - general_logger - INFO - operation successful on INSERT INTO item (name, quantity, price) VALUES (%s, %s, %s) with params ('passionfruit', '30', '10')
2024-05-13 15:59:23,958 - general_logger - INFO - operation successful on INSERT INTO item (name, quantity, price) VALUES (%s, %s, %s) with params ('passionfruit', '30', '10')
2024-05-13 15:59:23,976 - general_logger - INFO - operation successful on SELECT id, name, quantity, price FROM item with params None
2024-05-13 15:59:23,976 - general_logger - INFO - operation successful on SELECT id, name, quantity, price FROM item with params None
2024-05-13 15:59:28,772 - general_logger - INFO - operation successful on SELECT id, name, quantity, price FROM item with params None
2024-05-13 15:59:28,772 - general_logger - INFO - operation successful on SELECT id, name, quantity, price FROM item with params None
2024-05-13 15:59:43,073 - general_logger - INFO - operation successful on SELECT id, name, quantity, price FROM item WHERE price = %s with params ('6',)
2024-05-13 15:59:43,073 - general_logger - INFO - operation successful on SELECT id, name, quantity, price FROM item WHERE price = %s with params ('6',)
2024-05-13 15:59:46,632 - general_logger - INFO - operation successful on SELECT id, name, quantity, price FROM item WHERE price = %s with params ('10',)
2024-05-13 15:59:46,632 - general_logger - INFO - operation successful on SELECT id, name, quantity, price FROM item WHERE price = %s with params ('10',)
2024-05-13 15:59:51,086 - general_logger - INFO - operation successful on SELECT id, name, quantity, price FROM item WHERE name LIKE %s with params ('%10%',)
2024-05-13 15:59:51,086 - general_logger - INFO - operation successful on SELECT id, name, quantity, price FROM item WHERE name LIKE %s with params ('%10%',)
2024-05-13 15:59:55,858 - general_logger - INFO - operation successful on SELECT id, name, quantity, price FROM item WHERE name LIKE %s with params ('%fr%',)
2024-05-13 15:59:55,858 - general_logger - INFO - operation successful on SELECT id, name, quantity, price FROM item WHERE name LIKE %s with params ('%fr%',)
2024-05-13 15:59:59,615 - general_logger - INFO - operation successful on SELECT id, name, quantity, price FROM item WHERE name LIKE %s with params ('%ppl%',)
2024-05-13 15:59:59,615 - general_logger - INFO - operation successful on SELECT id, name, quantity, price FROM item WHERE name LIKE %s with params ('%ppl%',)
2024-05-13 16:05:32,823 - general_logger - INFO - operation successful on SELECT id, username, email, age FROM users with params None
2024-05-13 16:05:32,823 - general_logger - INFO - operation successful on SELECT id, username, email, age FROM users with params None
2024-05-13 16:14:07,730 - general_logger - INFO - operation successful on SELECT id, username, email, age FROM users with params None
2024-05-13 16:14:07,730 - general_logger - INFO - operation successful on SELECT id, username, email, age FROM users with params None
2024-05-13 16:16:30,542 - general_logger - INFO - operation successful on SELECT id, username, email, age FROM users with params None
2024-05-13 16:16:30,542 - general_logger - INFO - operation successful on SELECT id, username, email, age FROM users with params None
2024-05-13 16:19:48,928 - general_logger - INFO - operation successful on INSERT INTO users (username, email, age, password) VALUES (%s, %s, %s, %s) with params ('grahamcasey', 'ericayoung@example.org', 55, '$2b$15$foe1PzDW1GQHd3/rX9dMXeulW.vDiacdQiwVBX6FZrv7a12zrORwa')
2024-05-13 16:22:49,181 - general_logger - INFO - operation successful on INSERT INTO users (username, email, age, password) VALUES (%s, %s, %s, %s) with params ('uhart', 'mendezangelica@example.com', 32, '$2b$15$kaU24oUC44jDlVkFOSIlmO4XMvE2LGGLcXf/F6e/gZQDvuFa76fWe')
2024-05-13 16:23:29,870 - general_logger - INFO - operation successful on SELECT id, username, email, age FROM users with params None
2024-05-13 16:23:29,870 - general_logger - INFO - operation successful on SELECT id, username, email, age FROM users with params None
2024-05-13 16:25:33,427 - general_logger - INFO - operation successful on SELECT id, username, email, age FROM users with params None
2024-05-13 16:25:33,427 - general_logger - INFO - operation successful on SELECT id, username, email, age FROM users with params None
2024-05-13 16:52:26,549 - general_logger - INFO - operation successful on INSERT INTO users (username, email, age, password) VALUES (%s, %s, %s, %s) with params ('kelleychristopher', 'jason65@example.net', 50, '$2b$15$VyRGCaeldNJ9puAoUVYID..FwrhIJbp4jM4GDw6rqay9mxFaYH1qW')
2024-05-13 17:03:00,402 - general_logger - INFO - operation successful on INSERT INTO users (username, email, age, password) VALUES (%s, %s, %s, %s) with params ('gillespiemelinda', 'christopher34@example.net', 36, '$2b$15$q.vqWnWC95reQgan.83uqO7y2vc6JQ6mDGaj/16VcX3jTkTMeF9zu')
2024-05-13 18:00:08,013 - general_logger - INFO - operation successful on INSERT INTO users (username, email, age, password) VALUES (%s, %s, %s, %s) with params ('cynthia57', 'jdaniels@example.com', 70, '$2b$15$5Ybnt2cN6twnnczpgvuMIOSIOkMHiesugCiKxik/i6UkLraXGCUD2')
2024-05-13 18:10:04,591 - general_logger - INFO - operation successful on INSERT INTO users (username, email, age, password) VALUES (%s, %s, %s, %s) with params ('cnelson', 'cooktyler@example.org', 57, '$2b$15$kEe37O/O0EAKz0uiLxUHpOVYMLy.kY.B1H4PWA2e03PrWigwxfZLG')
2024-05-13 18:11:54,465 - general_logger - INFO - operation successful on INSERT INTO users (username, email, age, password) VALUES (%s, %s, %s, %s) with params ('nlove', 'michael20@example.com', 71, '$2b$15$Cm/1mNDXjirITlnZ2Hu7YuAfJeOzGitXLBnSSoDdHZUIxkgzkZLBK')
2024-05-13 18:15:38,965 - general_logger - INFO - operation successful on INSERT INTO users (username, email, age, password) VALUES (%s, %s, %s, %s) with params ('sbaker', 'leslievilla@example.net', 67, '$2b$15$nDfNsu4WSPaSmNKu/9HUh.dHpM0zsfavF0PSQJ5sHxTDr/TFWzAWO')
2024-05-13 19:00:07,853 - general_logger - INFO - operation successful on INSERT INTO users (username, email, age, password) VALUES (%s, %s, %s, %s) with params ('rebecca07', 'michael65@example.org', 29, '$2b$15$1KB6I/IS1CQp9eNjBEfm.OhyZKfkwrTi3eGuYD9CRg/i0iGvsvnwa')
2024-05-13 20:00:08,597 - general_logger - INFO - operation successful on INSERT INTO users (username, email, age, password) VALUES (%s, %s, %s, %s) with params ('ihale', 'michelle00@example.org', 72, '$2b$15$1/b8fOpkslX6od2CnoYSJe88jaeqwwZCvtzF5JMTTD0qsxw0RFyU6')
2024-05-13 21:00:08,206 - general_logger - INFO - operation successful on INSERT INTO users (username, email, age, password) VALUES (%s, %s, %s, %s) with params ('udiaz', 'wrightheather@example.com', 61, '$2b$15$yiEyKAH7dRnZnSLA3U8vcOhBpoZ5rhEq6C/.ZEnNPXEcRjgW5mVMW')
2024-05-13 22:02:07,572 - general_logger - INFO - operation successful on INSERT INTO users (username, email, age, password) VALUES (%s, %s, %s, %s) with params ('jessicawatkins', 'megan72@example.net', 40, '$2b$15$v2kYamTgJyybQktpOJx/iOYN3Ri0O0UiYXOuLlpKP1tKYpmHh7KIW')
2024-05-13 23:00:07,392 - general_logger - INFO - operation successful on INSERT INTO users (username, email, age, password) VALUES (%s, %s, %s, %s) with params ('kleblanc', 'bryanmathews@example.com', 38, '$2b$15$yWI1eiW.b11nRampnnpNouqxLZDEEQwdpqvKn/vziGhwZqLuRYS.m')
2024-05-14 00:05:56,270 - general_logger - INFO - operation successful on INSERT INTO users (username, email, age, password) VALUES (%s, %s, %s, %s) with params ('uallen', 'ksmith@example.com', 57, '$2b$15$VR6jc6iuo54W7HZC1RDBheXRnzwcArE81vWFrWuMjyup.whaYZ2lK')
2024-05-14 01:12:28,324 - general_logger - INFO - operation successful on INSERT INTO users (username, email, age, password) VALUES (%s, %s, %s, %s) with params ('bakerkrista', 'whitejessica@example.org', 23, '$2b$15$RAgs97.ao.LDdkA1a2ZUdetr8WUCll0KQTfttF2gr2cm0T8skPQYW')
2024-05-14 02:26:45,423 - general_logger - INFO - operation successful on INSERT INTO users (username, email, age, password) VALUES (%s, %s, %s, %s) with params ('taylorjessica', 'cooperrandy@example.net', 68, '$2b$15$mGkJVvQAGnS9WKRHyv/bLOfPXGI.E3oFbdzm9zWwjs1bCEHBPhE12')
2024-05-14 03:02:16,942 - general_logger - INFO - operation successful on INSERT INTO users (username, email, age, password) VALUES (%s, %s, %s, %s) with params ('carlosprice', 'brandon85@example.net', 45, '$2b$15$jfcuBMwul1KHd6E15a9YIelKHYpSpxU/a8IslMrHIq0Wma1QE9Fhq')
2024-05-14 04:14:58,406 - general_logger - INFO - operation successful on INSERT INTO users (username, email, age, password) VALUES (%s, %s, %s, %s) with params ('zbuchanan', 'josephmitchell@example.net', 37, '$2b$15$VBdm61LDBonkeAhOvmVPEeXaCnsuae3O52ExTZbfr1lMGKQHQq3pO')
2024-05-14 05:29:07,159 - general_logger - INFO - operation successful on INSERT INTO users (username, email, age, password) VALUES (%s, %s, %s, %s) with params ('michelle30', 'buchananpenny@example.org', 25, '$2b$15$KSfkHXcSkV3lYXamjZH7zejV45cV6qZwFPVmdR5Dyy6eXXnbn8CUG')
2024-05-14 06:16:04,452 - general_logger - INFO - operation successful on INSERT INTO users (username, email, age, password) VALUES (%s, %s, %s, %s) with params ('nbryant', 'jacqueline68@example.net', 63, '$2b$15$kek8WiwOLZj7tM73ASMpPeMf11K/oXx60VpXlSMasUYHkTAGCBr36')
2024-05-14 08:46:25,423 - general_logger - INFO - operation successful on INSERT INTO users (username, email, age, password) VALUES (%s, %s, %s, %s) with params ('alexanderdaniel', 'qdiaz@example.com', 80, '$2b$15$9PlidxA5wrndWGSJpYYjEuFbe9BZyy4Dj6UMBmh8QRAI04r3SSDT.')
2024-05-14 08:46:30,658 - general_logger - INFO - operation successful on INSERT INTO users (username, email, age, password) VALUES (%s, %s, %s, %s) with params ('jamesrobert', 'astuart@example.com', 24, '$2b$15$hKW.l09Pa/AxTB51rNaN3u1jRc7do6cn7tqTGYm6tGI2TAA3FUVgO')
2024-05-14 08:48:33,325 - general_logger - INFO - operation successful on INSERT INTO users (username, email, age, password) VALUES (%s, %s, %s, %s) with params ('snguyen', 'christie91@example.org', 80, '$2b$15$TrUuxuPBHe1C6gPbohGm5Os4eKLSeCohaMb2yuBjFoosGgfL3611C')
2024-05-14 09:00:08,285 - general_logger - INFO - operation successful on INSERT INTO users (username, email, age, password) VALUES (%s, %s, %s, %s) with params ('vberry', 'armstrongsusan@example.org', 44, '$2b$15$GdtOZHhF9Cssd63p0UskPePKyRggK4SA3tBUTY02z.0wmbfThvie.')
2024-05-14 09:16:20,928 - general_logger - INFO - operation successful on INSERT INTO users (username, email, age, password) VALUES (%s, %s, %s, %s) with params ('caselinda', 'fletcherjoshua@example.org', 48, '$2b$15$psS6aaYrDU867L612kCs7ujiBgxioSM3u426urGK4mgislMrqZHHC')
2024-05-14 09:38:24,793 - general_logger - INFO - operation successful on SELECT id, username, email, age FROM users with params None
2024-05-14 09:38:24,793 - general_logger - INFO - operation successful on SELECT id, username, email, age FROM users with params None
2024-05-14 10:00:07,633 - general_logger - INFO - operation successful on INSERT INTO users (username, email, age, password) VALUES (%s, %s, %s, %s) with params ('qhale', 'joeldavila@example.org', 28, '$2b$15$VYCqfaAaSb7yL8I7eOgcGeWP3ix6fJoOgWTZVqSuG7Xf4pc0bpftK')
2024-05-14 11:00:09,577 - general_logger - INFO - operation successful on INSERT INTO users (username, email, age, password) VALUES (%s, %s, %s, %s) with params ('jnunez', 'hzimmerman@example.com', 56, '$2b$15$1TRef/6WQTzcAIoqE4DPGOlvR6ukTdmcM8iir9OEU6XpfYWcHDxwa')
2024-05-14 12:10:23,640 - general_logger - INFO - operation successful on INSERT INTO users (username, email, age, password) VALUES (%s, %s, %s, %s) with params ('johnsonsamuel', 'bautistamichelle@example.org', 61, '$2b$15$4HQVPF/r9JuDS.qUB9T52uGCm6IagfATDAKkciNN.WY7m5Po4C0my')
2024-05-14 13:00:19,536 - general_logger - INFO - operation successful on INSERT INTO users (username, email, age, password) VALUES (%s, %s, %s, %s) with params ('angela82', 'jerry52@example.com', 52, '$2b$15$sTxQa5uqMD6ojW1Vp4UUgOBAP1bTafo40qUE/jAskIuYsIN9SszZm')
2024-05-14 14:00:08,735 - general_logger - INFO - operation successful on INSERT INTO users (username, email, age, password) VALUES (%s, %s, %s, %s) with params ('thomasvaughn', 'melinda13@example.org', 21, '$2b$15$XZ7JGdxiPXa7u1u09CwkJugdjPIyFZCtHBubFZu7qEiXJthfry8xm')
2024-05-14 15:00:11,602 - general_logger - INFO - operation successful on INSERT INTO users (username, email, age, password) VALUES (%s, %s, %s, %s) with params ('joshuawright', 'zburton@example.org', 32, '$2b$15$uhe/hypP6/5dpdit8JWNfe6yJmrgFjobxOqUO535BbL6bc0ofceUm')
2024-10-27 18:47:23,573 - general_logger - INFO - operation successful on SELECT id, username, email, age FROM users with params None
2024-10-27 18:47:23,573 - general_logger - INFO - operation successful on SELECT id, username, email, age FROM users with params None
2024-10-27 18:48:04,640 - general_logger - INFO - operation successful on SELECT id, username, email, age FROM users with params None
2024-10-27 18:48:04,640 - general_logger - INFO - operation successful on SELECT id, username, email, age FROM users with params None
2024-10-27 18:48:14,539 - general_logger - INFO - operation successful on DELETE FROM users WHERE id = %s with params ('96',)
2024-10-27 18:48:14,539 - general_logger - INFO - operation successful on DELETE FROM users WHERE id = %s with params ('96',)
2024-10-27 18:48:15,542 - general_logger - INFO - operation successful on SELECT id, username, email, age FROM users with params None
2024-10-27 18:48:15,542 - general_logger - INFO - operation successful on SELECT id, username, email, age FROM users with params None
2024-10-27 18:48:35,454 - general_logger - INFO - operation successful on SELECT id, username, email, age FROM users WHERE username LIKE %s with params ('%nil%',)
2024-10-27 18:48:35,454 - general_logger - INFO - operation successful on SELECT id, username, email, age FROM users WHERE username LIKE %s with params ('%nil%',)
2024-10-27 18:48:54,896 - general_logger - INFO - operation successful on SELECT id, username, email, age FROM users with params None
2024-10-27 18:48:54,896 - general_logger - INFO - operation successful on SELECT id, username, email, age FROM users with params None
2024-10-27 18:48:59,810 - general_logger - INFO - operation successful on DELETE FROM users WHERE id = %s with params ('81',)
2024-10-27 18:48:59,810 - general_logger - INFO - operation successful on DELETE FROM users WHERE id = %s with params ('81',)
2024-10-27 18:49:00,607 - general_logger - INFO - operation successful on SELECT id, username, email, age FROM users with params None
2024-10-27 18:49:00,607 - general_logger - INFO - operation successful on SELECT id, username, email, age FROM users with params None
2024-10-27 18:49:29,339 - general_logger - INFO - operation successful on INSERT INTO users (username, email, age, password) VALUES (%s, %s, %s, %s) with params ('selin', 'selin@gmail.com', '21', '$2b$15$FJ5IS75r6IEQ5omXoiE2MevmoGMEq.S2tE/gQ2ek771AvSBjZoBJu')
2024-10-27 18:49:29,339 - general_logger - INFO - operation successful on INSERT INTO users (username, email, age, password) VALUES (%s, %s, %s, %s) with params ('selin', 'selin@gmail.com', '21', '$2b$15$FJ5IS75r6IEQ5omXoiE2MevmoGMEq.S2tE/gQ2ek771AvSBjZoBJu')
2024-10-27 18:49:29,362 - general_logger - INFO - operation successful on SELECT id, username, email, age FROM users with params None
2024-10-27 18:49:29,362 - general_logger - INFO - operation successful on SELECT id, username, email, age FROM users with params None
2024-10-27 18:49:33,339 - general_logger - INFO - operation successful on INSERT INTO users (username, email, age, password) VALUES (%s, %s, %s, %s) with params ('selin', 'selin@gmail.com', '21', '$2b$15$MiSLDoFz1wtISB3MO9CSxu406isVZ96qCInrhD9r6CRvUCDHTc8zi')
2024-10-27 18:49:33,339 - general_logger - INFO - operation successful on INSERT INTO users (username, email, age, password) VALUES (%s, %s, %s, %s) with params ('selin', 'selin@gmail.com', '21', '$2b$15$MiSLDoFz1wtISB3MO9CSxu406isVZ96qCInrhD9r6CRvUCDHTc8zi')
2024-10-27 18:49:33,352 - general_logger - INFO - operation successful on SELECT id, username, email, age FROM users with params None
2024-10-27 18:49:33,352 - general_logger - INFO - operation successful on SELECT id, username, email, age FROM users with params None
2024-10-27 18:49:33,831 - general_logger - INFO - operation successful on INSERT INTO users (username, email, age, password) VALUES (%s, %s, %s, %s) with params ('selin', 'selin@gmail.com', '21', '$2b$15$FIVf2XKc.qjiy0zl6k6PMuMEt1fiZiDRxZz8yMOoiQY7LVMuzVVDC')
2024-10-27 18:49:33,831 - general_logger - INFO - operation successful on INSERT INTO users (username, email, age, password) VALUES (%s, %s, %s, %s) with params ('selin', 'selin@gmail.com', '21', '$2b$15$FIVf2XKc.qjiy0zl6k6PMuMEt1fiZiDRxZz8yMOoiQY7LVMuzVVDC')
2024-10-27 18:49:33,851 - general_logger - INFO - operation successful on SELECT id, username, email, age FROM users with params None
2024-10-27 18:49:33,851 - general_logger - INFO - operation successful on SELECT id, username, email, age FROM users with params None
2024-10-27 18:49:33,997 - general_logger - INFO - operation successful on INSERT INTO users (username, email, age, password) VALUES (%s, %s, %s, %s) with params ('selin', 'selin@gmail.com', '21', '$2b$15$TF6N.5S83dBUqApBvQRON.vTsUG3NugKndnJ5lt6QQV3zH4eE51V.')
2024-10-27 18:49:33,997 - general_logger - INFO - operation successful on INSERT INTO users (username, email, age, password) VALUES (%s, %s, %s, %s) with params ('selin', 'selin@gmail.com', '21', '$2b$15$TF6N.5S83dBUqApBvQRON.vTsUG3NugKndnJ5lt6QQV3zH4eE51V.')
2024-10-27 18:49:34,019 - general_logger - INFO - operation successful on SELECT id, username, email, age FROM users with params None
2024-10-27 18:49:34,019 - general_logger - INFO - operation successful on SELECT id, username, email, age FROM users with params None
2024-10-27 18:49:41,972 - general_logger - INFO - operation successful on SELECT id, username, email, age FROM users with params None
2024-10-27 18:49:41,972 - general_logger - INFO - operation successful on SELECT id, username, email, age FROM users with params None
2024-10-27 18:49:46,038 - general_logger - INFO - operation successful on DELETE FROM users WHERE id = %s with params ('100',)
2024-10-27 18:49:46,038 - general_logger - INFO - operation successful on DELETE FROM users WHERE id = %s with params ('100',)
2024-10-27 18:49:47,475 - general_logger - INFO - operation successful on SELECT id, username, email, age FROM users with params None
2024-10-27 18:49:47,475 - general_logger - INFO - operation successful on SELECT id, username, email, age FROM users with params None
2024-10-27 18:49:49,225 - general_logger - INFO - operation successful on DELETE FROM users WHERE id = %s with params ('99',)
2024-10-27 18:49:49,225 - general_logger - INFO - operation successful on DELETE FROM users WHERE id = %s with params ('99',)
2024-10-27 18:49:50,056 - general_logger - INFO - operation successful on SELECT id, username, email, age FROM users with params None
2024-10-27 18:49:50,056 - general_logger - INFO - operation successful on SELECT id, username, email, age FROM users with params None
2024-10-27 18:49:52,254 - general_logger - INFO - operation successful on DELETE FROM users WHERE id = %s with params ('98',)
2024-10-27 18:49:52,254 - general_logger - INFO - operation successful on DELETE FROM users WHERE id = %s with params ('98',)
2024-10-27 18:49:53,079 - general_logger - INFO - operation successful on SELECT id, username, email, age FROM users with params None
2024-10-27 18:49:53,079 - general_logger - INFO - operation successful on SELECT id, username, email, age FROM users with params None
2024-10-28 21:29:00,779 - general_logger - INFO - operation successful on SELECT id, username, email, age FROM users with params None
2024-10-28 21:29:00,779 - general_logger - INFO - operation successful on SELECT id, username, email, age FROM users with params None
2024-10-28 21:29:31,986 - general_logger - INFO - operation successful on SELECT id, username, email, age FROM users with params None
2024-10-28 21:29:31,986 - general_logger - INFO - operation successful on SELECT id, username, email, age FROM users with params None
2024-10-28 21:29:35,157 - general_logger - INFO - operation successful on DELETE FROM users WHERE id = %s with params ('35',)
2024-10-28 21:29:35,157 - general_logger - INFO - operation successful on DELETE FROM users WHERE id = %s with params ('35',)
2024-10-28 21:29:36,406 - general_logger - INFO - operation successful on SELECT id, username, email, age FROM users with params None
2024-10-28 21:29:36,406 - general_logger - INFO - operation successful on SELECT id, username, email, age FROM users with params None
2024-10-28 21:29:38,450 - general_logger - INFO - operation successful on DELETE FROM users WHERE id = %s with params ('37',)
2024-10-28 21:29:38,450 - general_logger - INFO - operation successful on DELETE FROM users WHERE id = %s with params ('37',)
2024-10-28 21:29:39,234 - general_logger - INFO - operation successful on SELECT id, username, email, age FROM users with params None
2024-10-28 21:29:39,234 - general_logger - INFO - operation successful on SELECT id, username, email, age FROM users with params None
